sequence,experimental_characteristics,modifications,is_mod,half_life_seconds
RRWQWR,mammalian blood,,False,1800.0
RRWQWR,mammalian blood, Amidation,True,1800.0
RRWQWR,mammalian blood,Acetylation,True,3600.0
RRWQWR,mammalian blood,"Acetylation, Amidation",True,5400.0
CRRWQWRC,mammalian blood, Amidation,True,5400.0
CRRWWRFC,mammalian blood, Amidation,True,23400.0
CRRWWRFC,mammalian blood,"Acetylation, Amidation",True,23400.0
CRRWQWRMKKLGC,mammalian blood, Amidation,True,6600.0
DAEFRHDSGYEVHHQKLVFFAEDVGSNKGAIIGLMVGGVV,mammalian blood,,False,144.0
DAEFRHDSGYEVHHQKLVFFAEDVGSNKGAIIGLMVGGVVIA,mammalian blood,,False,168.0
GVQLDLDEAI,mammalian blood,,False,4800.0
PINPRLDG,mammalian blood,,False,900.0
DGEQLADLIV,mammalian blood,,False,900.0
RQIKIWFQNRRMKWKKNELKRAFAALRDQI,mammalian blood,,False,26244.0
SPKMMHKSGCFGRRLDRIGSLSGLGCNVLRKY,mammalian blood,,False,94.2
LPFFD,mammalian blood, Amidation,True,300.0
LPFFD,mammalian blood,,False,900.0
H-ABU-EGTFTSDVSSYLEGQAAKEFIAWLVKGR,mammalian blood,,False,43200.0
Y-ABU-EGTFISDYSIAMDKIHQQDFVNWLLAQKGKKNDWKHNITQ,mammalian blood,,False,25560.0
YAEGTFISDYSIAMDKIHQQDFVNWLLAQKGKKNDWKHNITQ,mammalian blood,,False,43200.0
KKVVFKVKFK,mammalian blood,,False,360.0
KKVVFKVKFK,mammalian blood,,False,1320.0
TALIDNNATEEILY,mammalian blood,,False,252.0
TAIIDNNKTEKEISY,mammalian blood,,False,150.0
SPTLAYAVP,mammalian blood,,False,210.0
H-AIB-EGTFTSDVSSYLEGQAAKEFIAWLVKGR,mammalian blood, Amidation,True,43560.0
HAEGTFTSDVSSYLEGQAAKEFIAWLVK-AIB-R,mammalian blood, Amidation,True,66240.0
VRRADRAAVPGGGGRG,mammalian blood,,False,1110.0
MLTKFETKSARVKGLSFHPKRPWIL,mammalian blood,,False,9720.0
HGEGTFTSDLSKQLEEEAVRLFIEWLKNGGPSSGAPPPS,mammalian blood, Amidation,True,2580.0
FVPIFTYGELQREHQRVQQRKESKKPPAKLQPR,mammalian blood,,False,666.0
FVPIFTYGELQRVQQRKESKKPPAKLQPR,mammalian blood,,False,534.0
FVPIFTYGELQRQRKESKKPPAKLQPR,mammalian blood,,False,480.0
FVPIFTYGELQRKESKKPPAKLQPR,mammalian blood,,False,564.0
FVPIFTYGELQRSKKPPAKLQPR,mammalian blood,,False,318.0
FVPIFTYGELQRKKPPAKLQPR,mammalian blood,,False,360.0
FVPIFTYGELQRVQQRKESKKPPAK,mammalian blood,,False,348.0
FVPIFTYGELQRVQQRKESKKPP,mammalian blood,,False,378.0
FVPIFTYGELQRVQQRKESKK,mammalian blood,,False,420.0
FVPIFTYGELQRVQQRKES,mammalian blood,,False,186.0
FVPIFTYGELQRVQQRK,mammalian blood,,False,144.0
HADGSFSDEMNTILDNLAARDFINWLIQTKITD,mammalian blood,,False,594.0
RRWRIVVIRVRR,mammalian blood, Amidation,True,3600.0
ARRWRIVVIRVRRH,mammalian blood, Amidation,True,3600.0
DRVYIHP,mammalian blood,,False,40.0
EAEDLQVGQVELGGGPGAGSLQPLALEGSLQ,mammalian blood,,False,2550.0
SSLKQYWSSLKQSFS,mammalian blood,,False,18000.0
GRGDS,mammalian blood,,False,480.0
RLIEDICLPRWGCLWEDD,mammalian blood,"Acetylation, Amidation",True,8280.0
YIGSR,mammalian blood,,False,60.0
DNPSLSIDLTFHLLRTLLELARTQSQRERAEQNRIIFDSV,mammalian blood,,False,3120.0
ELRMSSSYPTGLADVKAGPAQTLIRPQDMKGASRSPEDSSPDAARIRV,mammalian blood,,False,1320.0
CNGRCGGK,mammalian blood,"Acetylation, Amidation",True,924.0
SLRRSSCFGGRIDRIGAQSGCNSFRY,mammalian blood,,False,144.0
YTSLIHSLIEESQNQQEKNEQELLELDKWASLWNWF,mammalian blood,,False,31680.0
WQEWEQKITALLEQAQIQQEKNEYELQKLDKWASLWEWF,mammalian blood,,False,21240.0
MTWMEWDREINNYTSLIHSLIEESQNQQEKNEQELL,mammalian blood,,False,1080.0
MTWMEWDREINNYTSLIHSLIEESQNQQEKNEQELLEL,mammalian blood,,False,4320.0
TTWEAWDRAIAEYAARIEALIRASQEQQEKNEAELREL,mammalian blood,,False,4320.0
TTWEAWDRAIAEYAARIEALIRAAQEQQEKNEAALREL,mammalian blood,,False,58680.0
MTWEAWDRAIAEYAARIEALIRAAQEQQEKNEAALREL,mammalian blood,,False,18360.0
TTWEAWDRAIAEYAARIEALIRAAQEQQEKNEAILREL,mammalian blood,,False,12240.0
TTWEAWDRAIAEYAARIEALIRALQEQQEKNEAALREL,mammalian blood,,False,54720.0
TTWEAWDRAIAEYAARIEALIRAAQELQEKNEAALREL,mammalian blood,,False,27360.0
TTWEAWDRAIAEYAARIEALIRALQEQQEKNEAILREL,mammalian blood,,False,44640.0
TTWEAWDRAIAEYAARIEALIRAAQEQQEKLEAALREL,mammalian blood,,False,64440.0
TTWEAWDRAIAEYAARIEALIRAAQEQQEKLEAVLREL,mammalian blood,,False,102960.0
TTWEAWDRAIAEYAARIEALIRALQELQEKNEAALREL,mammalian blood,,False,30960.0
TTWEAWDRAIAEYAARIEALIRALQELQEKNEAILREL,mammalian blood,,False,34560.0
TTWEAWDRAIAEYAARIEALIRAAQELQEKLEAALREL,mammalian blood,,False,110880.0
TTWEAWDRAIAEYAARIEALIRALQELQEKLEAILREL,mammalian blood,,False,127440.0
SPRGDLAVLGHKY,mammalian blood,,False,3300.0
IRRADRAAVPGGGGRGD,mammalian blood,,False,1659.6
NISHTKEKKKGKAKKKRLTK,mammalian blood,,False,162.0
YGRKKRRQRRR,mammalian blood,,False,24000.0
HSQGTFTSDYSKYLDSRRAQDFVQWLMNTKRNRNNIA,mammalian blood,,False,36000.0
LEQYANQLADQIIKEATE,mammalian blood,,False,5400.0
HSDGTFTSDLSKQMEEEAVRLFIEWLKNGGPSSGAPPPS,mammalian blood,,False,6480.0
KPSSPPEE,mammalian blood,"Acetylation, Amidation",True,7200.0
HSDGIFTDSYSRYRKQMAVKKYLAAVLGKRYKQRVKNK,mammalian blood, Amidation,True,258.0
HSDGIFTDSYSRYRKQMAVKAYLAAVLGKRYKQRVKNK,mammalian blood, Amidation,True,396.0
HSDGIFTDSYSRYRKQMAVKKYLAAVL,mammalian blood, Amidation,True,7200.0
NPVENMMDRDSQ,mammalian blood,,False,43200.0
HAECTFTSDVSSYLEGQAAKEFIAWLCKGRGCPSSGAPPPSGGGGG,mammalian blood,,False,172800.0
DRQIKIWFQNRRMKWKKRKIPTEDEY,mammalian blood,,False,18288.0
MAPRGFSCLLLLTGEIDLPVKRRA,mammalian blood,,False,1800.0
YRWYGYTPQNVIGGGKLLLKLLKKLLKLLKKK,mammalian blood,,False,1158.0
KPTFRRLKWK,mammalian blood,,False,1020.0
GCTFRRLKWKCG,mammalian blood,,False,4620.0
GCKPTFRRLKWKYKCG,mammalian blood,,False,5040.0
HSQGTFTSDYSKYLDSRRAQDFVQWLMNT,mammalian blood,,False,600.0
ALAGIGILTV,mammalian blood,"Beta-Alanine1, Amidation",True,39600.0
DLAGIGILTV,mammalian blood,"Beta-Asp1, Amidation",True,43200.0
FVPIFTYGELQRMQEKERNKGQ,mammalian blood,,False,195.6
FVPIFTYGELQRSPEHQRVQQRKESKKPPAKLQPR,mammalian blood,,False,704.4
FVPIFTYGELQREHQRVQQQRKESKKPPAKLQPR,mammalian blood,,False,668.4
FVPIFTYGELQRQRVQQRKESKKPPAKLQPR,mammalian blood,,False,315.0
FVPIFTYGELQRVQQRKESKKPPAKLQ,mammalian blood,,False,625.8
FVPIFTYGELQRQRVQQRKESKKPPAK,mammalian blood,,False,345.6
FVPIFTYGELQRQRVQQRKESKKPP,mammalian blood,,False,380.4
FVPIFTYGELQRQRVQQRKESKK,mammalian blood,,False,368.4
FVPIFTYGELQRQRVQQRKES,mammalian blood,,False,293.4
FVPIFTYGELQRQRVQQRK,mammalian blood,,False,143.4
FVPIFTYGELQRVQQRKEKKPPAKLQPR,mammalian blood,,False,547.2
FVPIFTYGELQRVQQRKEFKKPPAKLQPR,mammalian blood,,False,463.8
FVPIFTYGELQRVQQRKETKKPPAKLQPR,mammalian blood,,False,580.2
FVPIFTYGELQRVQQRKEPKKPPAKLQPR,mammalian blood,,False,579.0
FVPIFTYGELQRVQQRKELKKPPAKLQPR,mammalian blood,,False,547.8
FVPIFTYGELQRVQQRKEAKKPPAKLQPR,mammalian blood,,False,557.4
FVPIFTYGELORVQQRKNSKKPPAKLQPR,mammalian blood,,False,328.2
FVPIFTYGELQRVQQRKQSKKPPAKLQPR,mammalian blood,,False,339.6
FVPIFTYGELQRVQQRKDSKKPPAKLQPR,mammalian blood,,False,608.4
FVPIFTYGELQRVQQRKKKPPAKLQPR,mammalian blood,,False,323.4
FVPIFTYGELQRVQQKRDSRRPPAKLQPR,mammalian blood,,False,473.4
FVPIFTYGELQRVQQKKSEKRPPAKLQPR,mammalian blood,,False,696.0
FVPIFTYGELQRVQQRKGESKKPPAKLQPR,mammalian blood,,False,631.8
FVPIFTYGELQRQQRKESGKKPPAKLQPR,mammalian blood,,False,693.0
FVPIFTYGELQRVQQRKGGESKKPPAKLQPR,mammalian blood,,False,639.0
FVPIFTYGELQRVQQRKESKKAKLQPR,mammalian blood,,False,463.8
FVPIFTYGELQRVQQRKESKKAKLAALKA,mammalian blood,,False,536.4
FVPIFTYGELQRVQQRKESKKPPAKLAALKA,mammalian blood,,False,596.4
FVPIFTYGELQRVQQRKESKKPPAELAALEA,mammalian blood,,False,766.8
FVPIFTYGELQRVQQRKESKKPPAELAALKA,mammalian blood,,False,693.6
FVPIFTYGELQRVQQRKESKKMITIR,mammalian blood,,False,263.4
FVPIFTYGELQRVQQRKESKKPPMITIR,mammalian blood,,False,315.0
FVPIFTYGELQRKESKKPAKLAALKA,mammalian blood,,False,617.4
FVPIFTYGELQRVQQKKAYSPDKERKPPALQPR,mammalian blood,,False,781.8
FVPIFTYGELQRVQQKKAYSPDKERKPPAKLQPR,mammalian blood,,False,785.4
CFGGRMDRIGAQSGLGCNSFRYVQQRKESKKPPAKLQPR,mammalian blood,,False,2784.0
VQQRKESKKPPAKLQPRCFGGRMDRIGAQSGLGCNSFRY,mammalian blood,,False,3438.0
RPQLKAPPKKSEKRQQVCFGGRMDRIGAQSGLGCNSFRY,mammalian blood,,False,2268.0
CFGLKLDRIGSMSGLGCVQQRKESKKPPAKLQPR,mammalian blood,,False,901.8
GLSKGFGLKLDRISMSGLGCVQQRKESKKPPAKLQPR,mammalian blood,,False,1218.0
VQQRKESKKPPAKLQPRCFGLKLDRIGSMSGLGC,mammalian blood,,False,1065.0
RPQLKAPPKKSEKRQQVCFGLKLDRIGSMSGLGC,mammalian blood,,False,891.6
CFGLKLDRIGSMSGLGCVQQRKESKKPPAKLQPR,mammalian blood, Amidation,True,870.0
GLSKGCFGLKLDRIGSMSGLGCVQQRKDSKKPPAKLQPR,mammalian blood,,False,1874.4
CFGLKLDRIGSMSGLGCAGSVDHKGKQRKWDHPKR,mammalian blood,,False,1081.8
HGDGSFSDEMNTILDNLAARDFINWLIQTLITD,mammalian blood, Amidation,True,3240.0
YGGFLRRIRPK,mammalian blood, Addition of hydroxyl group,True,600.0
YGGFLRRIRPK,mammalian blood, Amidation,True,1800.0
VKFNKPFVFLMIEQNTK,mammalian blood,,False,6840.0
KGCRFGTCTVQKLAHQIYQFTDKDKDNVAPRSKISPQGY,mammalian blood,,False,5400.0
K-SAR-HTRGTF,mammalian blood, Amidation,True,66960.0
SEEPPISLDLTFHLLREVLEMARAEQLAQQAHSNRKLMEII,mammalian blood,,False,4326.0
WQEWEQKITALLEQAQIQQEKNEYELQKLDKWASLWEWF,mammalian blood,"Acetylation, Amidation",True,19980.0
ELYENKPRRPYIL,mammalian blood,,False,354.0
HADGVFTSDFSRLLGQLSAKKYLESLI,mammalian blood,,False,186.0
TSEKSQTPLVTL,mammalian blood,,False,36.0
SANSNPAMAPRERKAGCKNFFWKTFTSC,mammalian blood,,False,168.0
SSCFGGRIDRIGAQSGLGCNSFRY,mammalian blood,,False,150.0
YMGWMDF,mammalian blood, Amidation,True,150.0
DYMGWMDF,mammalian blood, Amidation,True,300.0
YAFGYPS,mammalian blood,,False,78.0
SQEPPISLDLTFHLLREVLEMTKADQLAQQAHSNRKLLDIA,mammalian blood,,False,696.0
ADSGEGDFLAEGGGVR,mammalian blood,,False,5400.0
VPLPAGGGTVLTKMYPRGNHWAVGHLM,mammalian blood,,False,168.0
RPKPFQWFWLL,mammalian blood, Amidation,True,2754.0
VVVPP,mammalian blood,,False,36000.0
DPLPEF,mammalian blood, Amidation,True,1800.0
HSDAVFTDNYTRLRKQMAVKKYLNSILN,mammalian blood,,False,37.2
MEPLGWQLTSGPNQEQVSPLTLLK,mammalian blood,,False,1140.0
CSCSSLMDKECVYFCHLDIIW,mammalian blood,,False,40.0
FCFWKTCT,mammalian blood,,False,6780.0
GWTLNSAGYLLGPHAVGNHRSFSDKNGLTS,mammalian blood,,False,222.0
YEPGKSSILQHERPVTKPQA,mammalian blood, Amidation,True,570.0
YEPGKSS,mammalian blood, Amidation,True,450.0
FCFWKTCT,mammalian blood, Hydroxylation,True,5400.0
VGDGGLFEKKL,mammalian blood,"Acetylation, Amidation",True,21600.0
YTSLIHSLIEESQNQQEKNEQELLELDKWASLWNWF,mammalian blood,Acetylation,True,10080.0
AKPEAPGEDASPEELSRYYASLRHYLNLVTRQRY,mammalian blood, Amidation,True,900.0
HDEFERHAEGTFTSDVSSYLEGQAAKEFIAWLVKGRG,mammalian blood,,False,300.0
YRGDS,mammalian blood,,False,30.0
CYFQNCPRG,mammalian blood,,False,63.6
FPESKATNATLDPRPGGGGNGDFEEIPEEYLQ,mammalian blood,,False,513.6
FGGFTGARKSARKLANQ,mammalian blood,,False,3840.0
VDKPPYLPRPRPPRRIYNR,mammalian blood, Amidation,True,1500.0
VDKPPYLPRPRPPRRIYN,mammalian blood,,False,7200.0
VDKPPYLPRPRPPRRIYNN,mammalian blood, Amidation,True,7200.0
VDKPPYLPRPRPPRRIYNH,mammalian blood, Amidation,True,5400.0
VDKPPYLPRPRPPRRIYN-ORN,mammalian blood, Amidation,True,12600.0
VDKPPYLPRPRPPRRIYN-NMR,mammalian blood, Amidation,True,4740.0
VDKPPYLPRPRPPRRIYNR,mammalian blood, Amidation,True,9600.0
VDKPPYLPRPRPPR-ORN-IYNR,mammalian blood, Amidation,True,5400.0
VDKPPYLPRPRPPRRIYNR,mammalian blood, Amidation,True,3480.0
VDKPPYLPRPRPPR-ORN-IYN-ORN,mammalian blood, Amidation,True,10560.0
VDKPPYLPRPRPPRRIYNR,mammalian blood, Amidation,True,28800.0
SAR-RVYIHPA,mammalian blood,Sar=Sarcosine,True,120.0
EGTFTSDVSSYLEGQAAKEFIAWLVKGR,mammalian blood, Amidation,True,2160.0
MIFVKTLTGKTIL,mammalian blood,,False,5400.0
PLLQATLGGGS,mammalian blood, Amidation,True,43200.0
PLLQATL,mammalian blood,,False,5400.0
HSDAVFTDNYTRLRKQVAAKKYLQSIKNKRY,mammalian blood,,False,300.0
MWQRPSSWIEGRFPHSDAVFTDQYTRLRKQLAAKKYLQSLKQKRY,mammalian blood,,False,43884.0
TTWEAWDRAIAEYAARIEALLRALQEQQEKNEAALREL,mammalian blood,"Acetylation, Amidation",True,15120.0
YPIKPEAPGEDASPEELNRYYASLRHYLNLVTRQRY,mammalian blood,,False,216.0
LLTHTISRIAVSYQTKVNLL,mammalian blood,,False,345.6
MWQRPSSWIEGRLLTHTISRIAVSYQTKVNLL,mammalian blood,,False,47196.0
FPRPGGGGQGDFEEIPEEYL,mammalian blood,,False,900.0
FPRPGGGGQGDFEPIPEDAYDE,mammalian blood, Amidation,True,780.0
CRKEVY,mammalian blood,,False,10620.0
RKEVY,mammalian blood,,False,30.0
SCSLPQT,mammalian blood,,False,2040.0
SQDSAERIQERLRNSKMAHSSSCFGQKIDRIGAVSRLGCDGLRQF,mammalian blood,,False,130.0
HWAWFK,mammalian blood, Amidation,True,1200.0
ASTTTNYT,mammalian blood, Amidation,True,2700.0
HSDAVFTDNYTRLRKQMAVKKYLNSILN,mammalian blood,"Acetylation, Amidation",True,48.0
HADGVFTSDFSKLLGQLSAKKYLESLM,mammalian blood, Amidation,True,390.0
HADGVFTSDFSKLLGQLSAKKYLESLMGKRVSSNISEDPVPV,mammalian blood,,False,2250.0
YADAIFTNSYRKVLGQLSARKLLQDIMSR,mammalian blood, Amidation,True,372.0
YADAIFTNSYRKVLGQLSARKLLQDIMSR,mammalian blood, Amidation,True,396.0
YADAIFTNSYRKVLGQLSARKLLQDIMSR,mammalian blood, Amidation,True,354.0
YADAIFTNSYRKVLGQLSARKLLQDIMSR,mammalian blood, Amidation,True,414.0
YADAIFTNSYRKVLGQLSARKLLQDIMSR,mammalian blood, Amidation,True,282.0
YADAIFTNSYRKVLGQLSARKLLQDIMSR,mammalian blood,"Acetylation, Amidation",True,444.0
SSCFGGRMDRIGAQSGLGCNSFRY,mammalian blood,,False,22.0
RRSSCFGGRMDRIGAQSGLGCNSFRY,mammalian blood,,False,270.0
HSQGTFTSDYSKYLDSRRAQDFVQWLMNTKRNKNNIA,mammalian blood,,False,720.0
YGGFM,mammalian blood,,False,768.0
YGGFL,mammalian blood,,False,420.0
ACDTATCVTHRLAGLLSRSGGVVKNNFVPTNVGSKAF,mammalian blood, Amidation,True,216.0
YPSKPDNPGEDAPAEDMARYYSALRHYINLITRQRY,mammalian blood, Amidation,True,1200.0
WAGGDASGE,mammalian blood,,False,434.4
AGGDASGE,mammalian blood,,False,453.0
WAAGDASGE,mammalian blood,,False,491.4
WAGADASGE,mammalian blood,,False,774.0
WAGADASGE,mammalian blood, Amidation,True,612.0
YADAIFTNSYRKVLGQLSARKLLQDIMSRQQGESNQERGA,mammalian blood, Amidation,True,192.0
APGPR,mammalian blood,,False,300.0
DSGCFGRRLDRIGSLSGLGCNVLRRY,mammalian blood,,False,186.0
CYFQNCPRG,mammalian blood, Amidation,True,78.0
SLRRSSCFGGRIDRIGAQSGLGCNSFRY,mammalian blood,,False,192.0
AGCKNFFWKTFTSC,mammalian blood,,False,144.0
SQDSAFRIQERLRNSKMAHSSSCFGQKIDRIGAVSRLGCDGLRLF,mammalian blood,,False,45.0
GGFMTSEKSQTPLVTL,mammalian blood,,False,72.0
HDEFERHAEGTFTSDVSSYLEGQAAKEFIAWLVKGR,mammalian blood, Amidation,True,684.0
ACDTATCVTHRLAGLLSRSGGVVKNNFVPTNVGSKAF,mammalian blood,,False,258.0
HSDAVFTDNYTRLRKQMAVKKYLNSILN,mammalian blood, Amidation,True,26.4
RRSSCFGGRIDIIGAQSGLGCNSFRY,mammalian blood,,False,246.0
SCNTATCVTHRLAGLLSRSGGVVKDNFVPTNVGSEAF,mammalian blood, Amidation,True,540.0
PGDSTRKCMDLKGNK,mammalian blood,,False,3240.0
VPLPAGGGTVLTKMYPRGNHWAVGHLM,mammalian blood, Amidation,True,180.0
SDAAVDTSSEITTKDLKEKKEVVEEAENRKDVY,mammalian blood,Acetylation,True,8400.0
SDAAVDTSSEITTKDLKEKKEVVEEAEN,mammalian blood,Acetylation,True,7620.0
RKDVY,mammalian blood,,False,336.0
H-AIB-EGTFTSDVSSYLEGQAAKEFIAWLVK-AIB-R,mammalian blood, Amidation,True,35280.0
YAGFLC,mammalian blood,,False,546.0
YAGFL,mammalian blood,,False,276.0
RREAQNPQAGAVELGGGLGGLNALALEGPPQKRG,mammalian blood,,False,594.0
YPSKPDNPGEDAPAEDLARYYSALRHYINLITRQRY,mammalian blood, Amidation,True,1260.0
EAKSQGGSN,mammalian blood,,False,150.0
GCRFGTCT,mammalian blood,,False,67.5
FNAPFDVGIKLSGAQYQQHGRAL,mammalian blood, Amidation,True,1320.0
FNAPFDVGIKLSGVQYQQHSQAL,mammalian blood, Amidation,True,3906.0
FPRPGGGGNGDFEEIPEEYL,mammalian blood,,False,1500.0
CSNLSTCVLGKLSQELHKLQTYPRTNTGSGTP,mammalian blood,,False,7380.0
CYFQNCPRG,mammalian blood, Amidation,True,900.0
YTSLIHSLIEESQNQQEKNEQELLELDKWASLWNWF,mammalian blood,"Acetylation, Amidation",True,13680.0
KCNTATCATQRLANFLVHSSNNFGPILPPTNVGSNTY,mammalian blood, Amidation,True,2880.0
SYSMEHFRWGKPVGKKRRPVKVYP,mammalian blood,,False,900.0
SYSMEHFRWGKPVGKKRRPVKVYPDGAEDQLAEAFPLEF,mammalian blood,,False,900.0
