sequence,experimental_characteristics,half_life_seconds,length_sequence,target
AAAMSQVTN,Mammalian,15840.0,9,1
AACEVAKNLNESLIDLQELGKYEQYIKW,Mammalian,15840.0,28,1
AAGAVVNDL,Mammalian,15840.0,9,1
AAHLIDALYAEFLGGRVLTTPVVHRALFYASAVLRQPFLAGVPSA,Mammalian,15840.0,45,1
AAKAWKKAKAWKKAKWWKKAA,Mammalian,15840.0,21,1
AALGDTAWDFGSIGGVFNSIGRAVHQVFGGAFRTL,Mammalian,15840.0,35,1
AAQRRGRIGRNPSQVGD,Mammalian,15840.0,17,1
AAQRRGRVGRNPNQVGD,Mammalian,15840.0,17,1
AAWWAGIKQEF,Mammalian,15840.0,11,1
AAYFLLKLAGRW,Mammalian,15840.0,12,1
ACAWAGIKQEF,Mammalian,15840.0,11,1
ACELKWESEFWRWTEQLA,Mammalian,15840.0,18,1
ACFPWGKEYCGGK,Mammalian,15840.0,13,1
ACWAAGIKQEF,Mammalian,15840.0,11,1
ACWWAAIKQEF,Mammalian,15840.0,11,1
ACWWAGAKQEF,Mammalian,15840.0,11,1
ACWWAGIAQEF,Mammalian,15840.0,11,1
ACWWAGIKAEF,Mammalian,15840.0,11,1
ACWWAGIKQAF,Mammalian,15840.0,11,1
ACWWAGIKQEA,Mammalian,15840.0,11,1
ADLEVVAATFVLVA,Mammalian,15840.0,14,1
ADLEVVAATYAAAA,Mammalian,15840.0,14,1
ADLEVVAATYKKKK,Mammalian,15840.0,14,1
ADLEVVAATYVDDA,Mammalian,15840.0,14,1
ADLEVVAATYVDVD,Mammalian,15840.0,14,1
ADVILMCFSIDSPDSLENI,Mammalian,15840.0,19,1
AEAASQVTNTATIM,Mammalian,15840.0,14,1
AEAIPMSIPPEVKFNKPFVF,Mammalian,15840.0,20,1
AEAMAQVTN,Mammalian,15840.0,9,1
AEAMSQVANTATIM,Mammalian,15840.0,14,1
AEAMSQVTN,Mammalian,15840.0,9,1
AECVVSCSMSYTKA,Mammalian,15840.0,14,1
AEDWVRWI,Mammalian,15840.0,8,1
AEPERRNIKYL,Mammalian,15840.0,11,1
AFLGWIGAIVSTALPQWR,Mammalian,15840.0,18,1
AGAGTGATAIGMVTQYHQVL,Mammalian,15840.0,20,1
AGALMFAWLLLGLQGIFN,Mammalian,15840.0,18,1
AGDDQGLDKCVPNSKEK,Mammalian,15840.0,17,1
AGHNKVGSLQYLALA,Mammalian,15840.0,15,1
AGVKDGKLDF,Mammalian,15840.0,10,1
AGVSGHGQHGVHG,Mammalian,15840.0,13,1
AIGWGDPITHWSHGQNRW,Mammalian,15840.0,18,1
AKDLEVVCSTYVLVEA,Mammalian,15840.0,16,1
AKKAAKKAKKAAKKAKKAAKK,Mammalian,15840.0,21,1
AKKAKKKAKKAAKKIKKKAKK,Mammalian,15840.0,21,1
AKLKVVAATYVLKK,Mammalian,15840.0,14,1
AKTIRLESEVTAIKNALKKTNEAVSTLGNGVRVLATAVRELKDFVSKN,Mammalian,15840.0,48,1
AKVNGQSGRMEFFWTILK,Mammalian,15840.0,18,1
AKVTMTCSAS,Mammalian,15840.0,10,1
ALAALITPKKIKPPL,Mammalian,15840.0,15,1
ALNCYWPLNDYGFYTTTGIGYQPYRVVVLSFEL,Mammalian,15840.0,33,1
ALPQWRIYSYAGDNIVTA,Mammalian,15840.0,18,1
ALWDTLLKKVLKAAAKAALDAVLVGANA,Mammalian,15840.0,28,1
ALWKTMLKKLGTMALHAGKAALGAAADTISQGTQ,Mammalian,15840.0,34,1
ANQFNSAIGKIQDSLSSTASALGKLQDVVNQNAQALNTLVKQ,Mammalian,15840.0,42,1
APKAMRLLRRLLRRLLR,Mammalian,15840.0,17,1
ARILMRIRQMMT,Mammalian,15840.0,12,1
ARRAKRRARRAARRARRKARR,Mammalian,15840.0,21,1
ASCDKCQLKGEAMHG,Mammalian,15840.0,15,1
ASNYWILEYLWKVPFDFW,Mammalian,15840.0,18,1
ATAGWTFGAGAALQIPFAMQMAY,Mammalian,15840.0,23,1
ATHQEAIEKVTGALKINNLR,Mammalian,15840.0,20,1
ATKALTEVIPLTEEAEC,Mammalian,15840.0,17,1
ATSSANSKA,Mammalian,15840.0,9,1
AVACELKWESEFWRWTEQ,Mammalian,15840.0,18,1
AVVNDL,Mammalian,15840.0,6,1
AWDFGSIGGVFTSVGKLVHQVFGTAYGVL,Mammalian,15840.0,29,1
AWDFGSLGGVFTSIGKALHQVFGAIYGAA,Mammalian,15840.0,29,1
AWDFGSLGGVFTSIGKALHQVFGGAFGAA,Mammalian,15840.0,29,1
AWDFGSVGGLFTSLGKAVHQVFGSVYTTM,Mammalian,15840.0,29,1
AWDFGSVGGVFNSLGKGIHQIFGAAFKSL,Mammalian,15840.0,29,1
AWDFGSVGGVLNSLGKMVHQIFGSAYTAL,Mammalian,15840.0,29,1
AWLVHTQWFLDLPLPWLPGADTQGSNWI,Mammalian,15840.0,28,1
CAVACELKWESEFWRWTE,Mammalian,4320.0,18,0
CDVIALLACHLNT,Mammalian,4320.0,13,0
CDVIALLCHLNTPSFNTTHYRESWY,Mammalian,4320.0,25,0
CEEIRARLSTHLRKMRKRLMRDADDLQKRLAVY,Mammalian,4320.0,33,0
CEELRVRLASHLRKLRKRLLRDADDLQKRLAVY,Mammalian,4320.0,33,0
CEEQAQQIRLQAEAFQARLKSWFEPLVEDM,Mammalian,4320.0,30,0
CELKWESEFWRWTEQLAS,Mammalian,4320.0,18,0
CEYQAGHNKVGSLQY,Mammalian,4320.0,15,0
CGGGGGSLTEINTELLDLEYEMKKLEEVVKKLEESYIDLKEL,Mammalian,4320.0,42,0
CKIPFEIMDLEKRHV,Mammalian,4320.0,15,0
CLRKLRKRLLRC,Mammalian,4320.0,12,0
CNCTNSSSSYSGTKMACPSNRG,Mammalian,4320.0,22,0
CNDFRSKTC,Mammalian,4320.0,9,0
CNSTKNLTFAMRSSGDYGEV,Mammalian,4320.0,20,0
CSIELSDIPLSVDFNTMID,Mammalian,4320.0,19,0
CTSDLPSSWGYMNCNCTNSSSS,Mammalian,4320.0,22,0
CWVRIGRYILRRIKTPFT,Mammalian,4320.0,18,0
CWVRLGRELLRRLKEPFT,Mammalian,4320.0,18,0
CWVRLGRKLLRRLKKPFT,Mammalian,4320.0,18,0
CWVRLLRYLLRRLKTLFT,Mammalian,4320.0,18,0
DCPNGPWVWVPAFCQAVGWG,Yeast,10800.0,20,1
DCPNGPWVWVPAFCQAVGWG,Mammalian,3960.0,20,0
DDDEVVAATYVLVA,Yeast,10800.0,14,1
DDDEVVAATYVLVA,Mammalian,3960.0,14,0
DDSVVAAMSYSHA,Mammalian,3960.0,13,0
DDSVVAAMSYSHA,Yeast,10800.0,13,1
DDSVVCAAMSYSFA,Yeast,10800.0,14,1
DDSVVCAAMSYSFA,Mammalian,3960.0,14,0
DDSVVSAAMSYSYA,Yeast,10800.0,14,1
DDSVVSAAMSYSYA,Mammalian,3960.0,14,0
DFRELNKRTQDFWEVQLGIP,Yeast,10800.0,20,1
DFRELNKRTQDFWEVQLGIP,Mammalian,3960.0,20,0
DFWRGVISLTPLLVCVAA,Yeast,10800.0,18,1
DFWRGVISLTPLLVCVAA,Mammalian,3960.0,18,0
DHVTPDIAYNPRTYM,Yeast,10800.0,15,1
DHVTPDIAYNPRTYM,Mammalian,3960.0,15,0
DHVTPDIAYNPWAYF,Mammalian,3960.0,15,0
DHVTPDIAYNPWAYF,Yeast,10800.0,15,1
DIQKLVGKLNWASQIYPGIK,Yeast,10800.0,20,1
DIQKLVGKLNWASQIYPGIK,Mammalian,3960.0,20,0
DISGINASVVNIQKEIDRLNEVAKNLNESLIDLQELGSGSGC,Mammalian,3960.0,42,0
DISGINASVVNIQKEIDRLNEVAKNLNESLIDLQELGSGSGC,Yeast,10800.0,42,1
DITLNNSVALDPIDISIELNKAKSDLEESKEWIRRSNQKLDSIGN,Yeast,10800.0,45,1
DITLNNSVALDPIDISIELNKAKSDLEESKEWIRRSNQKLDSIGN,Mammalian,3960.0,45,0
DKFNHEAED,Mammalian,3960.0,9,0
DKFNHEAED,Yeast,10800.0,9,1
DLADQLIHLYYFDCF,Yeast,10800.0,15,1
DLADQLIHLYYFDCF,Mammalian,3960.0,15,0
DLSLDFEKLNVTLLDLTYEMNRIQDAIKKLNESYINLKE,Yeast,10800.0,39,1
DLSLDFEKLNVTLLDLTYEMNRIQDAIKKLNESYINLKE,Mammalian,3960.0,39,0
DRGWGNGCGLFG,Yeast,10800.0,12,1
DRGWGNGCGLFG,Mammalian,3960.0,12,0
DSGEGDFLAEGGGVR,Mammalian,3960.0,15,0
DSGEGDFLAEGGGVR,Yeast,10800.0,15,1
DTRACDVIALLCHLNT,Mammalian,3960.0,16,0
DTRACDVIALLCHLNT,Yeast,10800.0,16,1
DTVVELSEWGVPCATCIL,Mammalian,3960.0,18,0
DTVVELSEWGVPCATCIL,Yeast,10800.0,18,1
DVDLGDISGINASVVNIQKEIDRLNEVAKNLNESLIDLQELGKYEQYI,Mammalian,3960.0,48,0
DVDLGDISGINASVVNIQKEIDRLNEVAKNLNESLIDLQELGKYEQYI,Yeast,10800.0,48,1
DVILMCFSIDSPDSLENI,Mammalian,3960.0,18,0
DVILMCFSIDSPDSLENI,Yeast,10800.0,18,1
DWLKAFYDKVAEKLKEAF,Yeast,10800.0,18,1
DWLKAFYDKVAEKLKEAF,Mammalian,3960.0,18,0
DWLRIIWDWVCSVVSDFK,Yeast,10800.0,18,1
DWLRIIWDWVCSVVSDFK,Mammalian,3960.0,18,0
DWVRWI,Mammalian,3960.0,6,0
DWVRWI,Yeast,10800.0,6,1
ECRSTSYAGAVVNDL,Mammalian,3600.0,15,0
EDLFYQ,Mammalian,3600.0,6,0
EEQAKTFLDKFNHEAEDLFYQSSGLGKGDFR,Mammalian,3600.0,31,0
EEQAKTFLDKFNHEAEDLFYQSSLASWNYNTNITEE,Mammalian,3600.0,36,0
EEQKTQLKNKIEIDWTKMELEQDWSKIYKEI,Mammalian,3600.0,31,0
EFVFLM,Mammalian,3600.0,6,0
EFWRWTEQLASNYWILEY,Mammalian,3600.0,18,0
EGPTLGNWAREIWATLFKKA,Mammalian,3600.0,20,0
EISKINTTLLDLSDEMAMLLQEVVKQLNDSYIDLKEL,Mammalian,3600.0,37,0
EIWATLFKKATRQCRRGRIW,Mammalian,3600.0,20,0
ELVNQIIEQLIKKEKVYLAW,Mammalian,3600.0,20,0
EMTWEEWEKKIEEYIKKIEEILKKSQNQQIDL,Mammalian,3600.0,32,0
EQLASNYWILEYLWKVPF,Mammalian,3600.0,18,0
EQVDKLVSAGIRKVLFLDGI,Mammalian,3600.0,20,0
EQVLKAVTNVLSPVFPGGET,Mammalian,3600.0,20,0
ESAIRKAILGHIVSP,Mammalian,3600.0,15,0
ESEFWRWTEQLASNYWIL,Mammalian,3600.0,18,0
ESELVSQIIEQLIKK,Mammalian,3600.0,15,0
ESTHPRISSEVHIPL,Mammalian,3600.0,15,0
ETWETWWTEYWQATWIPEWE,Mammalian,3600.0,20,0
EWDREINNYTSLIHSLIEESQNQQEKNEQELLELDKWASLW,Mammalian,3600.0,41,0
EWVRLGRELLRRLKEPFE,Mammalian,3600.0,18,0
EYLWKVPFDFWRGVISLT,Mammalian,3600.0,18,0
FAIAIKAIKKAIKKIKKAIKKAI,Mammalian,3960.0,23,0
FAIAIKAIKKAIKKIKKAIKKAI,E_coli,7200.0,23,0
FAIAIKAIKKAIKKIKKAIKKAI,Yeast,10800.0,23,1
FAIKWEYVLLLFLL,Mammalian,3960.0,14,0
FAIKWEYVLLLFLL,Yeast,10800.0,14,1
FAIKWEYVLLLFLL,E_coli,7200.0,14,0
FAKKFAKKFKKFAKKFAKFAFAF,Yeast,10800.0,23,1
FAKKFAKKFKKFAKKFAKFAFAF,E_coli,7200.0,23,0
FAKKFAKKFKKFAKKFAKFAFAF,Mammalian,3960.0,23,0
FALALKALKKALKKLKKALKKAL,Yeast,10800.0,23,1
FALALKALKKALKKLKKALKKAL,E_coli,7200.0,23,0
FALALKALKKALKKLKKALKKAL,Mammalian,3960.0,23,0
FAVAVKAVAVKAVAVKAVKKAVKKVKKAVKKAVKKKK,Mammalian,3960.0,37,0
FAVAVKAVAVKAVAVKAVKKAVKKVKKAVKKAVKKKK,E_coli,7200.0,37,0
FAVAVKAVAVKAVAVKAVKKAVKKVKKAVKKAVKKKK,Yeast,10800.0,37,1
FAVGLRAIKRALKKLRRGVRKVAKDL,Yeast,10800.0,26,1
FAVGLRAIKRALKKLRRGVRKVAKDL,E_coli,7200.0,26,0
FAVGLRAIKRALKKLRRGVRKVAKDL,Mammalian,3960.0,26,0
FCQAIGWGDPITHWSHGQ,E_coli,7200.0,18,0
FCQAIGWGDPITHWSHGQ,Mammalian,3960.0,18,0
FCQAIGWGDPITHWSHGQ,Yeast,10800.0,18,1
FEQKIGAWWCA,Yeast,10800.0,11,1
FEQKIGAWWCA,Mammalian,3960.0,11,0
FEQKIGAWWCA,E_coli,7200.0,11,0
FFHHIFRGIVHVGKTIHKLVTG,Yeast,10800.0,22,1
FFHHIFRGIVHVGKTIHKLVTG,Mammalian,3960.0,22,0
FFHHIFRGIVHVGKTIHKLVTG,E_coli,7200.0,22,0
FFVIFYRRKK,Mammalian,3960.0,10,0
FFVIFYRRKK,E_coli,7200.0,10,0
FFVIFYRRKK,Yeast,10800.0,10,1
FGCTWMNSTGFTKTC,E_coli,7200.0,15,0
FGCTWMNSTGFTKTC,Yeast,10800.0,15,1
FGCTWMNSTGFTKTC,Mammalian,3960.0,15,0
FGVSGHGQHGVHG,Yeast,10800.0,13,1
FGVSGHGQHGVHG,E_coli,7200.0,13,0
FGVSGHGQHGVHG,Mammalian,3960.0,13,0
FHCQRTQSQPGSWFRAISSWKQ,E_coli,7200.0,22,0
FHCQRTQSQPGSWFRAISSWKQ,Yeast,10800.0,22,1
FHCQRTQSQPGSWFRAISSWKQ,Mammalian,3960.0,22,0
FIHFRIGCQHSRIGI,E_coli,7200.0,15,0
FIHFRIGCQHSRIGI,Mammalian,3960.0,15,0
FIHFRIGCQHSRIGI,Yeast,10800.0,15,1
FIHHIFRGIVHAGRSIGRFLTG,Yeast,10800.0,22,1
FIHHIFRGIVHAGRSIGRFLTG,Mammalian,3960.0,22,0
FIHHIFRGIVHAGRSIGRFLTG,E_coli,7200.0,22,0
FIKRIARLLRKIF,E_coli,7200.0,13,0
FIKRIARLLRKIF,Yeast,10800.0,13,1
FIKRIARLLRKIF,Mammalian,3960.0,13,0
FILAFLGWIGAIVSTALP,E_coli,7200.0,18,0
FILAFLGWIGAIVSTALP,Mammalian,3960.0,18,0
FILAFLGWIGAIVSTALP,Yeast,10800.0,18,1
FINGRWDSQCHRFSNGAIACA,Mammalian,3960.0,21,0
FINGRWDSQCHRFSNGAIACA,E_coli,7200.0,21,0
FINGRWDSQCHRFSNGAIACA,Yeast,10800.0,21,1
FKLRAKIKVRLRAKIKL,Mammalian,3960.0,17,0
FKLRAKIKVRLRAKIKL,E_coli,7200.0,17,0
FKLRAKIKVRLRAKIKL,Yeast,10800.0,17,1
FKVKAKVKAKVKAKVKAKKKK,Yeast,10800.0,21,1
FKVKAKVKAKVKAKVKAKKKK,Mammalian,3960.0,21,0
FKVKAKVKAKVKAKVKAKKKK,E_coli,7200.0,21,0
FLAAARIAKRVAKKARKLAKRAARKRK,Yeast,10800.0,27,1
FLAAARIAKRVAKKARKLAKRAARKRK,Mammalian,3960.0,27,0
FLAAARIAKRVAKKARKLAKRAARKRK,E_coli,7200.0,27,0
FLFAFRIFKRVFKKFRKLFKRAF,Mammalian,3960.0,23,0
FLFAFRIFKRVFKKFRKLFKRAF,E_coli,7200.0,23,0
FLFAFRIFKRVFKKFRKLFKRAF,Yeast,10800.0,23,1
FLFPLITSFLSKVL,Mammalian,3960.0,14,0
FLFPLITSFLSKVL,E_coli,7200.0,14,0
FLFPLITSFLSKVL,Yeast,10800.0,14,1
FLGAILKIGHALAKTVLPMVTNAFKPKQ,E_coli,7200.0,28,0
FLGAILKIGHALAKTVLPMVTNAFKPKQ,Yeast,10800.0,28,1
FLGAILKIGHALAKTVLPMVTNAFKPKQ,Mammalian,3960.0,28,0
FLGFLKNLF,E_coli,7200.0,9,0
FLGFLKNLF,Mammalian,3960.0,9,0
FLGFLKNLF,Yeast,10800.0,9,1
FLYTAFAMQELGCNQNQFFC,E_coli,7200.0,20,0
FLYTAFAMQELGCNQNQFFC,Mammalian,3960.0,20,0
FLYTAFAMQELGCNQNQFFC,Yeast,10800.0,20,1
FNATYLNLTGEIDDLEFRSEKLHNTTVELAILIDNINNTLVNL,E_coli,7200.0,43,0
FNATYLNLTGEIDDLEFRSEKLHNTTVELAILIDNINNTLVNL,Yeast,10800.0,43,1
FNATYLNLTGEIDDLEFRSEKLHNTTVELAILIDNINNTLVNL,Mammalian,3960.0,43,0
FNESTR,Yeast,10800.0,6,1
FNESTR,Mammalian,3960.0,6,0
FNESTR,E_coli,7200.0,6,0
FNESTRKKIE,E_coli,7200.0,10,0
FNESTRKKIE,Yeast,10800.0,10,1
FNESTRKKIE,Mammalian,3960.0,10,0
FNMTKAVEMVNIAGNWSCTS,E_coli,7200.0,20,0
FNMTKAVEMVNIAGNWSCTS,Yeast,10800.0,20,1
FNMTKAVEMVNIAGNWSCTS,Mammalian,3960.0,20,0
FNVALDQVFESIENSQALVDQSNRILSSAEKGNTG,E_coli,7200.0,35,0
FNVALDQVFESIENSQALVDQSNRILSSAEKGNTG,Yeast,10800.0,35,1
FNVALDQVFESIENSQALVDQSNRILSSAEKGNTG,Mammalian,3960.0,35,0
FRFKIKFRLKFRFKARFKFRAKFRA,Yeast,10800.0,25,1
FRFKIKFRLKFRFKARFKFRAKFRA,E_coli,7200.0,25,0
FRFKIKFRLKFRFKARFKFRAKFRA,Mammalian,3960.0,25,0
FRPALIVRTKGTRL,Yeast,10800.0,14,1
FRPALIVRTKGTRL,Mammalian,3960.0,14,0
FRPALIVRTKGTRL,E_coli,7200.0,14,0
FVFLM,E_coli,7200.0,5,0
FVFLM,Yeast,10800.0,5,1
FVFLM,Mammalian,3960.0,5,0
FWFTLIKTQAKQPARYRRFC,E_coli,7200.0,20,0
FWFTLIKTQAKQPARYRRFC,Mammalian,3960.0,20,0
FWFTLIKTQAKQPARYRRFC,Yeast,10800.0,20,1
FWRWTEQLASNYWILEYL,E_coli,7200.0,18,0
FWRWTEQLASNYWILEYL,Mammalian,3960.0,18,0
FWRWTEQLASNYWILEYL,Yeast,10800.0,18,1
FYTTTGIGYQPY,Mammalian,3960.0,12,0
FYTTTGIGYQPY,E_coli,7200.0,12,0
FYTTTGIGYQPY,Yeast,10800.0,12,1
HFPRIWLHSLGQHIY,Mammalian,12600.0,15,1
HFPRIWLHSLGQHIY,Yeast,36000.0,15,2
HGNITLGEWYNQTKDLQQKF,Yeast,36000.0,20,2
HGNITLGEWYNQTKDLQQKF,Mammalian,12600.0,20,1
HGQNRWPLSCPQYVYGSV,Mammalian,12600.0,18,1
HGQNRWPLSCPQYVYGSV,Yeast,36000.0,18,2
HGVHG,Mammalian,12600.0,5,1
HGVHG,Yeast,36000.0,5,2
HGVSGHGQHG,Yeast,36000.0,10,2
HGVSGHGQHG,Mammalian,12600.0,10,1
HKILGYTVIAMPEVEGEEIQ,Yeast,36000.0,20,2
HKILGYTVIAMPEVEGEEIQ,Mammalian,12600.0,20,1
HRALMRIRQMMT,Yeast,36000.0,12,2
HRALMRIRQMMT,Mammalian,12600.0,12,1
HRIAMRIRQMMT,Mammalian,12600.0,12,1
HRIAMRIRQMMT,Yeast,36000.0,12,2
HRILARIRQMMT,Yeast,36000.0,12,2
HRILARIRQMMT,Mammalian,12600.0,12,1
HRILMRARQMMT,Yeast,36000.0,12,2
HRILMRARQMMT,Mammalian,12600.0,12,1
HRILMRIAQMMT,Yeast,36000.0,12,2
HRILMRIAQMMT,Mammalian,12600.0,12,1
HRILMRIRAMMT,Yeast,36000.0,12,2
HRILMRIRAMMT,Mammalian,12600.0,12,1
HRILMRIRQAMT,Yeast,36000.0,12,2
HRILMRIRQAMT,Mammalian,12600.0,12,1
HRILMRIRQMAT,Yeast,36000.0,12,2
HRILMRIRQMAT,Mammalian,12600.0,12,1
HRILMRIRQMMA,Yeast,36000.0,12,2
HRILMRIRQMMA,Mammalian,12600.0,12,1
HRRYFTFGGGYVYF,Yeast,36000.0,14,2
HRRYFTFGGGYVYF,Mammalian,12600.0,14,1
HSLIEESQNQQEKNEQELLELDKWASLWNWFNITNW,Mammalian,12600.0,36,1
HSLIEESQNQQEKNEQELLELDKWASLWNWFNITNW,Yeast,36000.0,36,2
HTGERDWHLGQGVSI,Mammalian,12600.0,15,1
HTGERDWHLGQGVSI,Yeast,36000.0,15,2
HVDKKVADKVLLLKQLRIMRLLTRL,Mammalian,12600.0,25,1
HVDKKVADKVLLLKQLRIMRLLTRL,Yeast,36000.0,25,2
HVMLALATVLSIAGAGTGATAI,Yeast,36000.0,22,2
HVMLALATVLSIAGAGTGATAI,Mammalian,12600.0,22,1
IAEIQKQGQGQWTYQIYQEP,Mammalian,72000.0,20,2
IEVTFVNRRGDGAELWYLSA,Mammalian,72000.0,20,2
IGLKVEAMEKFLYTAFAMQE,Mammalian,72000.0,20,2
IGNIPQYLKGLLGGILGIGL,Mammalian,72000.0,20,2
IGVTVI,Mammalian,72000.0,6,2
IGVTVIKNNMI,Mammalian,72000.0,11,2
IHAEIKNSLKIDNLDVNRCIEAL,Mammalian,72000.0,23,2
IKKEKVYLAWVPAHKGIGN,Mammalian,72000.0,19,2
IKWEYVLLLFLL,Mammalian,72000.0,12,2
ILEYLWKVPFDFWRGVIS,Mammalian,72000.0,18,2
ILGPVLGLVSDTLDDVLGIL,Mammalian,72000.0,20,2
ILGPVLGLVSRTLRRVLGIL,Mammalian,72000.0,20,2
ILMCFS,Mammalian,72000.0,6,2
INLKAIAALAKKLL,Mammalian,72000.0,14,2
IPLRGAFINGRWDSQCHRFS,Mammalian,72000.0,20,2
IQAQPDQSESELVNQIIEQL,Mammalian,72000.0,20,2
IRILQQLLFIHFRIG,Mammalian,72000.0,15,2
ISLTPLLVCVAALLLLEQ,Mammalian,72000.0,18,2
IWLTALKFLGKHAAKHLAKQQLSKL,Mammalian,72000.0,25,2
KAAKKAAKAAKKAAKWAKKAA,Mammalian,4680.0,21,0
KAAKKAAKAAKKAAKWAKKAA,E_coli,7200.0,21,0
KAAKKAAKAAKKAAKWAKKAA,Yeast,10800.0,21,1
KAKAKAKAKAKAKAKAKAKAK,Mammalian,4680.0,21,0
KAKAKAKAKAKAKAKAKAKAK,E_coli,7200.0,21,0
KAKAKAKAKAKAKAKAKAKAK,Yeast,10800.0,21,1
KANEGLTWNSLKDK,Yeast,10800.0,14,1
KANEGLTWNSLKDK,E_coli,7200.0,14,0
KANEGLTWNSLKDK,Mammalian,4680.0,14,0
KCQLKGEAMHGQVDC,Mammalian,4680.0,15,0
KCQLKGEAMHGQVDC,E_coli,7200.0,15,0
KCQLKGEAMHGQVDC,Yeast,10800.0,15,1
KDLKVVAATYVKKK,Mammalian,4680.0,14,0
KDLKVVAATYVKKK,E_coli,7200.0,14,0
KDLKVVAATYVKKK,Yeast,10800.0,14,1
KFDSLVECIWDWIDRLWS,E_coli,7200.0,18,0
KFDSLVECIWDWIDRLWS,Mammalian,4680.0,18,0
KFDSLVECIWDWIDRLWS,Yeast,10800.0,18,1
KFFRKKSVKK,E_coli,7200.0,10,0
KFFRKKSVKK,Mammalian,4680.0,10,0
KFFRKKSVKK,Yeast,10800.0,10,1
KGEAMHGQVDCSPGIWQLDC,E_coli,7200.0,20,0
KGEAMHGQVDCSPGIWQLDC,Yeast,10800.0,20,1
KGEAMHGQVDCSPGIWQLDC,Mammalian,4680.0,20,0
KGRGKQGGKVRAKAKTRSS,Yeast,10800.0,19,1
KGRGKQGGKVRAKAKTRSS,E_coli,7200.0,19,0
KGRGKQGGKVRAKAKTRSS,Mammalian,4680.0,19,0
KILEPFRKQNPDIVIYQYMD,Mammalian,4680.0,20,0
KILEPFRKQNPDIVIYQYMD,Yeast,10800.0,20,1
KILEPFRKQNPDIVIYQYMD,E_coli,7200.0,20,0
KIRPLLVEGT,Yeast,10800.0,10,1
KIRPLLVEGT,Mammalian,4680.0,10,0
KIRPLLVEGT,E_coli,7200.0,10,0
KKIKPPLPSVTKLTE,E_coli,7200.0,15,0
KKIKPPLPSVTKLTE,Yeast,10800.0,15,1
KKIKPPLPSVTKLTE,Mammalian,4680.0,15,0
KKKKAVAATYVLV,Mammalian,4680.0,13,0
KKKKAVAATYVLV,Yeast,10800.0,13,1
KKKKAVAATYVLV,E_coli,7200.0,13,0
KKKKEVAATYVLV,Yeast,10800.0,13,1
KKKKEVAATYVLV,Mammalian,4680.0,13,0
KKKKEVAATYVLV,E_coli,7200.0,13,0
KKKKFVAATYVLV,E_coli,7200.0,13,0
KKKKFVAATYVLV,Yeast,10800.0,13,1
KKKKFVAATYVLV,Mammalian,4680.0,13,0
KKKKFVKKVAKKVKKVAKKVAKVAVAV,Yeast,10800.0,27,1
KKKKFVKKVAKKVKKVAKKVAKVAVAV,E_coli,7200.0,27,0
KKKKFVKKVAKKVKKVAKKVAKVAVAV,Mammalian,4680.0,27,0
KKKKLLAAFLFFF,E_coli,7200.0,13,0
KKKKLLAAFLFFF,Yeast,10800.0,13,1
KKKKLLAAFLFFF,Mammalian,4680.0,13,0
KKKKLLAPFLFFF,E_coli,7200.0,13,0
KKKKLLAPFLFFF,Yeast,10800.0,13,1
KKKKLLAPFLFFF,Mammalian,4680.0,13,0
KKKKLLLAFLFFF,E_coli,7200.0,13,0
KKKKLLLAFLFFF,Yeast,10800.0,13,1
KKKKLLLAFLFFF,Mammalian,4680.0,13,0
KKKKLLLATLFFF,Yeast,10800.0,13,1
KKKKLLLATLFFF,Mammalian,4680.0,13,0
KKKKLLLATLFFF,E_coli,7200.0,13,0
KKKKLLLPFLFFF,E_coli,7200.0,13,0
KKKKLLLPFLFFF,Mammalian,4680.0,13,0
KKKKLLLPFLFFF,Yeast,10800.0,13,1
KKKKLLLPFLVLF,Mammalian,4680.0,13,0
KKKKLLLPFLVLF,E_coli,7200.0,13,0
KKKKLLLPFLVLF,Yeast,10800.0,13,1
KKKKLLLPFYFLF,E_coli,7200.0,13,0
KKKKLLLPFYFLF,Yeast,10800.0,13,1
KKKKLLLPFYFLF,Mammalian,4680.0,13,0
KKKKLLLPTLFFV,Yeast,10800.0,13,1
KKKKLLLPTLFFV,E_coli,7200.0,13,0
KKKKLLLPTLFFV,Mammalian,4680.0,13,0
KKKKLLLPTLVFF,E_coli,7200.0,13,0
KKKKLLLPTLVFF,Yeast,10800.0,13,1
KKKKLLLPTLVFF,Mammalian,4680.0,13,0
KKKKLLLPTYFFF,Yeast,10800.0,13,1
KKKKLLLPTYFFF,E_coli,7200.0,13,0
KKKKLLLPTYFFF,Mammalian,4680.0,13,0
KKKKLVAAFYVLV,Mammalian,4680.0,13,0
KKKKLVAAFYVLV,E_coli,7200.0,13,0
KKKKLVAAFYVLV,Yeast,10800.0,13,1
KKKKLVAATYVFV,E_coli,7200.0,13,0
KKKKLVAATYVFV,Yeast,10800.0,13,1
KKKKLVAATYVFV,Mammalian,4680.0,13,0
KKKKLVAATYVLF,E_coli,7200.0,13,0
KKKKLVAATYVLF,Mammalian,4680.0,13,0
KKKKLVAATYVLF,Yeast,10800.0,13,1
KKKKLVAPFLFFF,Yeast,10800.0,13,1
KKKKLVAPFLFFF,Mammalian,4680.0,13,0
KKKKLVAPFLFFF,E_coli,7200.0,13,0
KKKKLVLAFLFFF,Yeast,10800.0,13,1
KKKKLVLAFLFFF,E_coli,7200.0,13,0
KKKKLVLAFLFFF,Mammalian,4680.0,13,0
KKKKLVLATYVLV,Yeast,10800.0,13,1
KKKKLVLATYVLV,Mammalian,4680.0,13,0
KKKKLVLATYVLV,E_coli,7200.0,13,0
KKKKLVLPFLFFF,E_coli,7200.0,13,0
KKKKLVLPFLFFF,Yeast,10800.0,13,1
KKKKLVLPFLFFF,Mammalian,4680.0,13,0
KKKKLVLPTLFFF,Mammalian,4680.0,13,0
KKKKLVLPTLFFF,E_coli,7200.0,13,0
KKKKLVLPTLFFF,Yeast,10800.0,13,1
KKKKPVAATYVLV,Mammalian,4680.0,13,0
KKKKPVAATYVLV,E_coli,7200.0,13,0
KKKKPVAATYVLV,Yeast,10800.0,13,1
KKKKTVAATYVLV,E_coli,7200.0,13,0
KKKKTVAATYVLV,Mammalian,4680.0,13,0
KKKKTVAATYVLV,Yeast,10800.0,13,1
KKKKVAAATYVLV,Yeast,10800.0,13,1
KKKKVAAATYVLV,E_coli,7200.0,13,0
KKKKVAAATYVLV,Mammalian,4680.0,13,0
KKKKVFAATYVLV,E_coli,7200.0,13,0
KKKKVFAATYVLV,Mammalian,4680.0,13,0
KKKKVFAATYVLV,Yeast,10800.0,13,1
KKKKVKAATYVLV,Mammalian,4680.0,13,0
KKKKVKAATYVLV,E_coli,7200.0,13,0
KKKKVKAATYVLV,Yeast,10800.0,13,1
KKKKVLAATYVLV,E_coli,7200.0,13,0
KKKKVLAATYVLV,Mammalian,4680.0,13,0
KKKKVLAATYVLV,Yeast,10800.0,13,1
KKKKVLAPFLFFF,E_coli,7200.0,13,0
KKKKVLAPFLFFF,Mammalian,4680.0,13,0
KKKKVLAPFLFFF,Yeast,10800.0,13,1
KKKKVLAPTYVLV,E_coli,7200.0,13,0
KKKKVLAPTYVLV,Mammalian,4680.0,13,0
KKKKVLAPTYVLV,Yeast,10800.0,13,1
KKKKVLLPFLFFF,Yeast,10800.0,13,1
KKKKVLLPFLFFF,Mammalian,4680.0,13,0
KKKKVLLPFLFFF,E_coli,7200.0,13,0
KKKKVPAATYVLV,Yeast,10800.0,13,1
KKKKVPAATYVLV,Mammalian,4680.0,13,0
KKKKVPAATYVLV,E_coli,7200.0,13,0
KKKKVTAATYVLV,Yeast,10800.0,13,1
KKKKVTAATYVLV,Mammalian,4680.0,13,0
KKKKVTAATYVLV,E_coli,7200.0,13,0
KKKKVVAAAYVLV,E_coli,7200.0,13,0
KKKKVVAAAYVLV,Yeast,10800.0,13,1
KKKKVVAAAYVLV,Mammalian,4680.0,13,0
KKKKVVAAEYVLV,Mammalian,4680.0,13,0
KKKKVVAAEYVLV,E_coli,7200.0,13,0
KKKKVVAAEYVLV,Yeast,10800.0,13,1
KKKKVVAAFLVLV,Yeast,10800.0,13,1
KKKKVVAAFLVLV,E_coli,7200.0,13,0
KKKKVVAAFLVLV,Mammalian,4680.0,13,0
KKKKVVAAFYFLV,Mammalian,4680.0,13,0
KKKKVVAAFYFLV,Yeast,10800.0,13,1
KKKKVVAAFYFLV,E_coli,7200.0,13,0
KKKKVVAAFYVLF,Yeast,10800.0,13,1
KKKKVVAAFYVLF,Mammalian,4680.0,13,0
KKKKVVAAFYVLF,E_coli,7200.0,13,0
KKKKVVAAGYVLV,Mammalian,4680.0,13,0
KKKKVVAAGYVLV,Yeast,10800.0,13,1
KKKKVVAAGYVLV,E_coli,7200.0,13,0
KKKKVVAALYVLV,Mammalian,4680.0,13,0
KKKKVVAALYVLV,Yeast,10800.0,13,1
KKKKVVAALYVLV,E_coli,7200.0,13,0
KKKKVVAATYFFFA,Mammalian,4680.0,14,0
KKKKVVAATYFFFA,Yeast,10800.0,14,1
KKKKVVAATYFFFA,E_coli,7200.0,14,0
KKKKVVAATYFLVA,Mammalian,4680.0,14,0
KKKKVVAATYFLVA,Yeast,10800.0,14,1
KKKKVVAATYFLVA,E_coli,7200.0,14,0
KKKKVVAATYKKKK,Mammalian,4680.0,14,0
KKKKVVAATYKKKK,Yeast,10800.0,14,1
KKKKVVAATYKKKK,E_coli,7200.0,14,0
KKKKVVAATYKKVA,Mammalian,4680.0,14,0
KKKKVVAATYKKVA,E_coli,7200.0,14,0
KKKKVVAATYKKVA,Yeast,10800.0,14,1
KKKKVVAATYVKKA,Mammalian,4680.0,14,0
KKKKVVAATYVKKA,E_coli,7200.0,14,0
KKKKVVAATYVKKA,Yeast,10800.0,14,1
KKKKVVAATYVLFA,Mammalian,4680.0,14,0
KKKKVVAATYVLFA,E_coli,7200.0,14,0
KKKKVVAATYVLFA,Yeast,10800.0,14,1
KKKKVVAATYVLVF,Mammalian,4680.0,14,0
KKKKVVAATYVLVF,E_coli,7200.0,14,0
KKKKVVAATYVLVF,Yeast,10800.0,14,1
KKKKVVAETYVLV,Yeast,10800.0,13,1
KKKKVVAETYVLV,E_coli,7200.0,13,0
KKKKVVAETYVLV,Mammalian,4680.0,13,0
KKKKVVAFTYVLV,Yeast,10800.0,13,1
KKKKVVAFTYVLV,E_coli,7200.0,13,0
KKKKVVAFTYVLV,Mammalian,4680.0,13,0
KKKKVVAGTYVLV,Mammalian,4680.0,13,0
KKKKVVAGTYVLV,Yeast,10800.0,13,1
KKKKVVAGTYVLV,E_coli,7200.0,13,0
KKKKVVAKTYVLV,Yeast,10800.0,13,1
KKKKVVAKTYVLV,Mammalian,4680.0,13,0
KKKKVVAKTYVLV,E_coli,7200.0,13,0
KKKKVVAPFYVLV,Yeast,10800.0,13,1
KKKKVVAPFYVLV,Mammalian,4680.0,13,0
KKKKVVAPFYVLV,E_coli,7200.0,13,0
KKKKVVAPTLVLV,E_coli,7200.0,13,0
KKKKVVAPTLVLV,Yeast,10800.0,13,1
KKKKVVAPTLVLV,Mammalian,4680.0,13,0
KKKKVVAPTYFLV,E_coli,7200.0,13,0
KKKKVVAPTYFLV,Yeast,10800.0,13,1
KKKKVVAPTYFLV,Mammalian,4680.0,13,0
KKKKVVAPTYVLF,E_coli,7200.0,13,0
KKKKVVAPTYVLF,Yeast,10800.0,13,1
KKKKVVAPTYVLF,Mammalian,4680.0,13,0
KKKKVVATTYVLV,Mammalian,4680.0,13,0
KKKKVVATTYVLV,Yeast,10800.0,13,1
KKKKVVATTYVLV,E_coli,7200.0,13,0
KKKKVVFATYVLV,Mammalian,4680.0,13,0
KKKKVVFATYVLV,Yeast,10800.0,13,1
KKKKVVFATYVLV,E_coli,7200.0,13,0
KKKKVVGATYVLV,E_coli,7200.0,13,0
KKKKVVGATYVLV,Mammalian,4680.0,13,0
KKKKVVGATYVLV,Yeast,10800.0,13,1
KKKKVVKATYVLV,Yeast,10800.0,13,1
KKKKVVKATYVLV,Mammalian,4680.0,13,0
KKKKVVKATYVLV,E_coli,7200.0,13,0
KKKKVVLAFYVLV,Yeast,10800.0,13,1
KKKKVVLAFYVLV,Mammalian,4680.0,13,0
KKKKVVLAFYVLV,E_coli,7200.0,13,0
KKKKVVLATLVLV,Yeast,10800.0,13,1
KKKKVVLATLVLV,Mammalian,4680.0,13,0
KKKKVVLATLVLV,E_coli,7200.0,13,0
KKKKVVLPFLFFF,E_coli,7200.0,13,0
KKKKVVLPFLFFF,Mammalian,4680.0,13,0
KKKKVVLPFLFFF,Yeast,10800.0,13,1
KKKKVVTATYVLV,E_coli,7200.0,13,0
KKKKVVTATYVLV,Yeast,10800.0,13,1
KKKKVVTATYVLV,Mammalian,4680.0,13,0
KKLVAASQAALGL,E_coli,7200.0,13,0
KKLVAASQAALGL,Mammalian,4680.0,13,0
KKLVAASQAALGL,Yeast,10800.0,13,1
KKVTMTCSAS,E_coli,7200.0,10,0
KKVTMTCSAS,Mammalian,4680.0,10,0
KKVTMTCSAS,Yeast,10800.0,10,1
KNNMINNDLG,Mammalian,4680.0,10,0
KPKQIKPPLPSV,Mammalian,4680.0,12,0
KPKQIKPPLPSV,E_coli,7200.0,12,0
KPKQIKPPLPSV,Yeast,10800.0,12,1
KQLSYCTDPLQIPLINYTFG,Mammalian,4680.0,20,0
KQLSYCTDPLQIPLINYTFG,E_coli,7200.0,20,0
KQLSYCTDPLQIPLINYTFG,Yeast,10800.0,20,1
KQRNRWEWRPDFKSKKVKISLPC,E_coli,7200.0,23,0
KQRNRWEWRPDFKSKKVKISLPC,Yeast,10800.0,23,1
KQRNRWEWRPDFKSKKVKISLPC,Mammalian,4680.0,23,0
KRKRAVKRVGRRLKKLARKIARLGVAKLAGLRAVKLF,E_coli,7200.0,37,0
KRKRAVKRVGRRLKKLARKIARLGVAKLAGLRAVKLF,Yeast,10800.0,37,1
KRKRAVKRVGRRLKKLARKIARLGVAKLAGLRAVKLF,Mammalian,4680.0,37,0
KRKRFAKKFLRFLRKVIRFLKRFIRRF,E_coli,7200.0,27,0
KRKRFAKKFLRFLRKVIRFLKRFIRRF,Yeast,10800.0,27,1
KRKRFAKKFLRFLRKVIRFLKRFIRRF,Mammalian,4680.0,27,0
KRRGGGKLLKLLLKLLLKLLKC,Yeast,10800.0,22,1
KRRGGGKLLKLLLKLLLKLLKC,Mammalian,4680.0,22,0
KRRGGGKLLKLLLKLLLKLLKC,E_coli,7200.0,22,0
KSETKN,Yeast,10800.0,6,1
KSETKN,E_coli,7200.0,6,0
KSETKN,Mammalian,4680.0,6,0
KSKKVKISLPCNSTKNLTFA,E_coli,7200.0,20,0
KSKKVKISLPCNSTKNLTFA,Yeast,10800.0,20,1
KSKKVKISLPCNSTKNLTFA,Mammalian,4680.0,20,0
KTELQAIYLALQDSGLEVNI,Mammalian,4680.0,20,0
KTELQAIYLALQDSGLEVNI,Yeast,10800.0,20,1
KTELQAIYLALQDSGLEVNI,E_coli,7200.0,20,0
KTTSSIEFARLQFTY,Yeast,10800.0,15,1
KTTSSIEFARLQFTY,Mammalian,4680.0,15,0
KTTSSIEFARLQFTY,E_coli,7200.0,15,0
KVGSLQYLALAALIT,E_coli,7200.0,15,0
KVGSLQYLALAALIT,Mammalian,4680.0,15,0
KVGSLQYLALAALIT,Yeast,10800.0,15,1
KVINPEPIVEPFMSKPFALF,Mammalian,4680.0,20,0
KVINPEPIVEPFMSKPFALF,E_coli,7200.0,20,0
KVINPEPIVEPFMSKPFALF,Yeast,10800.0,20,1
KVPFDFWRGVISLTPLLV,Mammalian,4680.0,18,0
KVPFDFWRGVISLTPLLV,Yeast,10800.0,18,1
KVPFDFWRGVISLTPLLV,E_coli,7200.0,18,0
KWESEFWRWTEQLASNYW,Yeast,10800.0,18,1
KWESEFWRWTEQLASNYW,E_coli,7200.0,18,0
KWESEFWRWTEQLASNYW,Mammalian,4680.0,18,0
KWLCRIWSWISDVLDDFE,E_coli,7200.0,18,0
KWLCRIWSWISDVLDDFE,Yeast,10800.0,18,1
KWLCRIWSWISDVLDDFE,Mammalian,4680.0,18,0
KWLTEWIPLTAEAEC,Yeast,10800.0,15,1
KWLTEWIPLTAEAEC,Mammalian,4680.0,15,0
KWLTEWIPLTAEAEC,E_coli,7200.0,15,0
KWVRLGRKLLRRLKKPFK,Yeast,10800.0,18,1
KWVRLGRKLLRRLKKPFK,E_coli,7200.0,18,0
KWVRLGRKLLRRLKKPFK,Mammalian,4680.0,18,0
KYAKKAAKYAKKAAKYAKKAA,E_coli,7200.0,21,0
KYAKKAAKYAKKAAKYAKKAA,Mammalian,4680.0,21,0
KYAKKAAKYAKKAAKYAKKAA,Yeast,10800.0,21,1
LAAIPMSIPPEVKFNKPFVF,E_coli,7200.0,20,0
LAAIPMSIPPEVKFNKPFVF,Mammalian,19800.0,20,2
LAAIPMSIPPEVKFNKPFVF,Yeast,10800.0,20,1
LAQMYPL,E_coli,7200.0,7,0
LAQMYPL,Mammalian,19800.0,7,2
LAQMYPL,Yeast,10800.0,7,1
LASNYWILEYLWKVPFDF,E_coli,7200.0,18,0
LASNYWILEYLWKVPFDF,Yeast,10800.0,18,1
LASNYWILEYLWKVPFDF,Mammalian,19800.0,18,2
LCDCPNGPWVWVPAFCQAVG,Mammalian,19800.0,20,2
LCLRNWDQGHRP,Mammalian,19800.0,12,2
LCLRNWDQGHRP,E_coli,7200.0,12,0
LCLRNWDQGHRP,Yeast,10800.0,12,1
LDLEYEMKKLEEAIKKLEESYIDLKELGTYEYYVKW,Yeast,10800.0,36,1
LDLEYEMKKLEEAIKKLEESYIDLKELGTYEYYVKW,E_coli,7200.0,36,0
LDLEYEMKKLEEAIKKLEESYIDLKELGTYEYYVKW,Mammalian,19800.0,36,2
LDLSDEMAMLLQEVVKQLNDSYIDLKELGNYTYYNKW,Yeast,10800.0,37,1
LDLSDEMAMLLQEVVKQLNDSYIDLKELGNYTYYNKW,E_coli,7200.0,37,0
LDLSDEMAMLLQEVVKQLNDSYIDLKELGNYTYYNKW,Mammalian,19800.0,37,2
LEAAPMSIPPEVKFNKPFVF,Mammalian,19800.0,20,2
LEAAPMSIPPEVKFNKPFVF,Yeast,10800.0,20,1
LEAAPMSIPPEVKFNKPFVF,E_coli,7200.0,20,0
LEAIAMSIPPEVKFNKPFVF,Yeast,10800.0,20,1
LEAIAMSIPPEVKFNKPFVF,Mammalian,19800.0,20,2
LEAIAMSIPPEVKFNKPFVF,E_coli,7200.0,20,0
LEAIPASIPPEVKFNKPFVF,Mammalian,19800.0,20,2
LEAIPASIPPEVKFNKPFVF,Yeast,10800.0,20,1
LEAIPASIPPEVKFNKPFVF,E_coli,7200.0,20,0
LEAIPMSAPPEVKFNKPFVF,E_coli,7200.0,20,0
LEAIPMSAPPEVKFNKPFVF,Yeast,10800.0,20,1
LEAIPMSAPPEVKFNKPFVF,Mammalian,19800.0,20,2
LEAIPMSIAPEVKFNKPFVF,E_coli,7200.0,20,0
LEAIPMSIAPEVKFNKPFVF,Yeast,10800.0,20,1
LEAIPMSIAPEVKFNKPFVF,Mammalian,19800.0,20,2
LEAIPMSIPAEVKFNKPFVF,Yeast,10800.0,20,1
LEAIPMSIPAEVKFNKPFVF,E_coli,7200.0,20,0
LEAIPMSIPAEVKFNKPFVF,Mammalian,19800.0,20,2
LEAIPMSIPPAVKFNKPFVF,Mammalian,19800.0,20,2
LEAIPMSIPPAVKFNKPFVF,E_coli,7200.0,20,0
LEAIPMSIPPAVKFNKPFVF,Yeast,10800.0,20,1
LEAIPMSIPPEAKFNKPFVF,E_coli,7200.0,20,0
LEAIPMSIPPEAKFNKPFVF,Yeast,10800.0,20,1
LEAIPMSIPPEAKFNKPFVF,Mammalian,19800.0,20,2
LEAIPMSIPPEFLFGKPFVF,Yeast,10800.0,20,1
LEAIPMSIPPEFLFGKPFVF,Mammalian,19800.0,20,2
LEAIPMSIPPEFLFGKPFVF,E_coli,7200.0,20,0
LEAIPMSIPPEVAFAKPFVF,E_coli,7200.0,20,0
LEAIPMSIPPEVAFAKPFVF,Yeast,10800.0,20,1
LEAIPMSIPPEVAFAKPFVF,Mammalian,19800.0,20,2
LEAIPMSIPPEVFFNKPFVF,E_coli,7200.0,20,0
LEAIPMSIPPEVFFNKPFVF,Mammalian,19800.0,20,2
LEAIPMSIPPEVFFNKPFVF,Yeast,10800.0,20,1
LEAIPMSIPPEVKANKPFVF,E_coli,7200.0,20,0
LEAIPMSIPPEVKANKPFVF,Yeast,10800.0,20,1
LEAIPMSIPPEVKANKPFVF,Mammalian,19800.0,20,2
LEAIPMSIPPEVKFNAPFVF,Mammalian,19800.0,20,2
LEAIPMSIPPEVKFNAPFVF,Yeast,10800.0,20,1
LEAIPMSIPPEVKFNAPFVF,E_coli,7200.0,20,0
LEAIPMSIPPEVKFNKAFVF,Mammalian,19800.0,20,2
LEAIPMSIPPEVKFNKAFVF,E_coli,7200.0,20,0
LEAIPMSIPPEVKFNKAFVF,Yeast,10800.0,20,1
LEAIPMSIPPEVKFNKPAVF,Yeast,10800.0,20,1
LEAIPMSIPPEVKFNKPAVF,Mammalian,19800.0,20,2
LEAIPMSIPPEVKFNKPAVF,E_coli,7200.0,20,0
LEAIPMSIPPEVKFNKPFAF,Yeast,10800.0,20,1
LEAIPMSIPPEVKFNKPFAF,Mammalian,19800.0,20,2
LEAIPMSIPPEVKFNKPFAF,E_coli,7200.0,20,0
LEAIPMSIPPEVKFNKPFVA,Yeast,10800.0,20,1
LEAIPMSIPPEVKFNKPFVA,E_coli,7200.0,20,0
LEAIPMSIPPEVKFNKPFVA,Mammalian,19800.0,20,2
LEHGSCVTTMAKDKPTL,E_coli,7200.0,17,0
LEHGSCVTTMAKDKPTL,Yeast,10800.0,17,1
LEHGSCVTTMAKDKPTL,Mammalian,19800.0,17,2
LESEVTAIKNALKKTNEAVSTLGNGVRVLATAVRE,Yeast,10800.0,35,1
LESEVTAIKNALKKTNEAVSTLGNGVRVLATAVRE,Mammalian,19800.0,35,2
LESEVTAIKNALKKTNEAVSTLGNGVRVLATAVRE,E_coli,7200.0,35,0
LEYLWKVPFDFWRGVISL,Yeast,10800.0,18,1
LEYLWKVPFDFWRGVISL,Mammalian,19800.0,18,2
LEYLWKVPFDFWRGVISL,E_coli,7200.0,18,0
LEYSI,E_coli,7200.0,5,0
LEYSI,Yeast,10800.0,5,1
LEYSI,Mammalian,19800.0,5,2
LFYLVPGPGH,Mammalian,19800.0,10,2
LFYLVPGPGH,E_coli,7200.0,10,0
LFYLVPGPGH,Yeast,10800.0,10,1
LGCNQNQFFCKIPLELWTRY,Yeast,10800.0,20,1
LGCNQNQFFCKIPLELWTRY,E_coli,7200.0,20,0
LGCNQNQFFCKIPLELWTRY,Mammalian,19800.0,20,2
LGNVNNSISNALDKLEESNSKLDKVNVKLTGTSAL,Mammalian,19800.0,35,2
LGNVNNSISNALDKLEESNSKLDKVNVKLTGTSAL,Yeast,10800.0,35,1
LGNVNNSISNALDKLEESNSKLDKVNVKLTGTSAL,E_coli,7200.0,35,0
LGQGVSIEWRKKRYS,Mammalian,19800.0,15,2
LGQGVSIEWRKKRYS,Yeast,10800.0,15,1
LGQGVSIEWRKKRYS,E_coli,7200.0,15,0
LHQNIVDVQYMYGLS,Yeast,10800.0,15,1
LHQNIVDVQYMYGLS,Mammalian,19800.0,15,2
LHQNIVDVQYMYGLS,E_coli,7200.0,15,0
LITPKKIKPPLPSVT,Mammalian,19800.0,15,2
LITPKKIKPPLPSVT,Yeast,10800.0,15,1
LITPKKIKPPLPSVT,E_coli,7200.0,15,0
LKAKTNISIREGPTLGNWAR,Mammalian,19800.0,20,2
LKAKTNISIREGPTLGNWAR,E_coli,7200.0,20,0
LKAKTNISIREGPTLGNWAR,Yeast,10800.0,20,1
LKVLLYEEFKLLESLIMEILEYQKDSDIKENAEDTK,Mammalian,19800.0,36,2
LKVLLYEEFKLLESLIMEILEYQKDSDIKENAEDTK,Yeast,10800.0,36,1
LKVLLYEEFKLLESLIMEILEYQKDSDIKENAEDTK,E_coli,7200.0,36,0
LKWESEFWRWTEQLASNY,E_coli,7200.0,18,0
LKWESEFWRWTEQLASNY,Yeast,10800.0,18,1
LKWESEFWRWTEQLASNY,Mammalian,19800.0,18,2
LLDCWVRLGRYLLRRLKTPFTRL,E_coli,7200.0,23,0
LLDCWVRLGRYLLRRLKTPFTRL,Yeast,10800.0,23,1
LLDCWVRLGRYLLRRLKTPFTRL,Mammalian,19800.0,23,2
LLEYS,Mammalian,19800.0,5,2
LLEYS,E_coli,7200.0,5,0
LLEYS,Yeast,10800.0,5,1
LLEYSI,Yeast,10800.0,6,1
LLEYSI,Mammalian,19800.0,6,2
LLEYSI,E_coli,7200.0,6,0
LLEYSL,E_coli,7200.0,6,0
LLEYSL,Yeast,10800.0,6,1
LLEYSL,Mammalian,19800.0,6,2
LLFLKVPAQNAISTTFPYT,Mammalian,19800.0,19,2
LLFLKVPAQNAISTTFPYT,E_coli,7200.0,19,0
LLFLKVPAQNAISTTFPYT,Yeast,10800.0,19,1
LLGDLLRKSKEKIGKEFKRIVQRIKDFLRNLVPRTES,E_coli,7200.0,37,0
LLGDLLRKSKEKIGKEFKRIVQRIKDFLRNLVPRTES,Mammalian,19800.0,37,2
LLGDLLRKSKEKIGKEFKRIVQRIKDFLRNLVPRTES,Yeast,10800.0,37,1
LLGFILAFLGWIGAIVST,Yeast,10800.0,18,1
LLGFILAFLGWIGAIVST,Mammalian,19800.0,18,2
LLGFILAFLGWIGAIVST,E_coli,7200.0,18,0
LLGGILGIGLGVLLLILCLP,Mammalian,19800.0,20,2
LLGGILGIGLGVLLLILCLP,E_coli,7200.0,20,0
LLGGILGIGLGVLLLILCLP,Yeast,10800.0,20,1
LLKELWTKIKGAGKAVLGKIKGLL,Mammalian,19800.0,24,2
LLKELWTKIKGAGKAVLGKIKGLL,E_coli,7200.0,24,0
LLKELWTKIKGAGKAVLGKIKGLL,Yeast,10800.0,24,1
LLMVNEATRFQTVSGFV,Yeast,10800.0,17,1
LLMVNEATRFQTVSGFV,Mammalian,19800.0,17,2
LLMVNEATRFQTVSGFV,E_coli,7200.0,17,0
LMRIR,Mammalian,19800.0,5,2
LMRIR,E_coli,7200.0,5,0
LMRIR,Yeast,10800.0,5,1
LMRIRQMMT,Mammalian,19800.0,9,2
LMRIRQMMT,Yeast,10800.0,9,1
LMRIRQMMT,E_coli,7200.0,9,0
LPAFCQAIGWGDPITHWS,E_coli,7200.0,18,0
LPAFCQAIGWGDPITHWS,Mammalian,19800.0,18,2
LPAFCQAIGWGDPITHWS,Yeast,10800.0,18,1
LPLPAPSFHRTT,Mammalian,19800.0,12,2
LPLPAPSFHRTT,Yeast,10800.0,12,1
LPLPAPSFHRTT,E_coli,7200.0,12,0
LPRRLHLEPAFLPYSVKAHECC,Mammalian,19800.0,22,2
LPRRLHLEPAFLPYSVKAHECC,Yeast,10800.0,22,1
LPRRLHLEPAFLPYSVKAHECC,E_coli,7200.0,22,0
LQDSGLEVNIVTDSQYALGI,Mammalian,19800.0,20,2
LQDSGLEVNIVTDSQYALGI,E_coli,7200.0,20,0
LQDSGLEVNIVTDSQYALGI,Yeast,10800.0,20,1
LQEVDAGNFIPPPRWLLL,Yeast,10800.0,18,1
LQEVDAGNFIPPPRWLLL,Mammalian,19800.0,18,2
LQEVDAGNFIPPPRWLLL,E_coli,7200.0,18,0
LQKWEDWVRWIGNIPQYLKG,Mammalian,19800.0,20,2
LQKWEDWVRWIGNIPQYLKG,Yeast,10800.0,20,1
LQKWEDWVRWIGNIPQYLKG,E_coli,7200.0,20,0
LQQLLFIHFRIGCQH,Yeast,10800.0,15,1
LQQLLFIHFRIGCQH,E_coli,7200.0,15,0
LQQLLFIHFRIGCQH,Mammalian,19800.0,15,2
LQYLALAALITPKKI,Yeast,10800.0,15,1
LQYLALAALITPKKI,E_coli,7200.0,15,0
LQYLALAALITPKKI,Mammalian,19800.0,15,2
LRDIWDWICEVLSDFK,Yeast,10800.0,16,1
LRDIWDWICEVLSDFK,E_coli,7200.0,16,0
LRDIWDWICEVLSDFK,Mammalian,19800.0,16,2
LRVRLASHLRKLRKRLLRDADDLQKRLAVY,E_coli,7200.0,30,0
LRVRLASHLRKLRKRLLRDADDLQKRLAVY,Yeast,10800.0,30,1
LRVRLASHLRKLRKRLLRDADDLQKRLAVY,Mammalian,19800.0,30,2
LSELDDRADALQAGASQFETSAAKLKRKYWWKN,Mammalian,19800.0,33,2
LSELDDRADALQAGASQFETSAAKLKRKYWWKN,Yeast,10800.0,33,1
LSELDDRADALQAGASQFETSAAKLKRKYWWKN,E_coli,7200.0,33,0
LTCAVACELKWESEFWRW,Yeast,10800.0,18,1
LTCAVACELKWESEFWRW,Mammalian,19800.0,18,2
LTCAVACELKWESEFWRW,E_coli,7200.0,18,0
LTEDRWNKPQKTKGH,Mammalian,19800.0,15,2
LTEDRWNKPQKTKGH,Yeast,10800.0,15,1
LTEDRWNKPQKTKGH,E_coli,7200.0,15,0
LTQINTTLLDLTYEMLSLQQVVKALNESYIDLKEL,Yeast,10800.0,35,1
LTQINTTLLDLTYEMLSLQQVVKALNESYIDLKEL,Mammalian,19800.0,35,2
LTQINTTLLDLTYEMLSLQQVVKALNESYIDLKEL,E_coli,7200.0,35,0
LVQPRGPRSGPGPWQGGRRKFRRQRPRLSHKGPMPF,Mammalian,19800.0,36,2
LVQPRGPRSGPGPWQGGRRKFRRQRPRLSHKGPMPF,Yeast,10800.0,36,1
LVQPRGPRSGPGPWQGGRRKFRRQRPRLSHKGPMPF,E_coli,7200.0,36,0
LVRRRSELMGRRNPVCPG,Mammalian,19800.0,18,2
LVRRRSELMGRRNPVCPG,Yeast,10800.0,18,1
LVRRRSELMGRRNPVCPG,E_coli,7200.0,18,0
LVTLEHQVLVIGLKVEAMEK,Yeast,10800.0,20,1
LVTLEHQVLVIGLKVEAMEK,Mammalian,19800.0,20,2
LVTLEHQVLVIGLKVEAMEK,E_coli,7200.0,20,0
LWKVPFDFWRGVISLTPL,Mammalian,19800.0,18,2
LWKVPFDFWRGVISLTPL,Yeast,10800.0,18,1
LWKVPFDFWRGVISLTPL,E_coli,7200.0,18,0
LYGNEGCGWAGWLLSPRG,E_coli,7200.0,18,0
LYGNEGCGWAGWLLSPRG,Yeast,10800.0,18,1
LYGNEGCGWAGWLLSPRG,Mammalian,19800.0,18,2
LYYFDCFSESAIRKA,Yeast,10800.0,15,1
LYYFDCFSESAIRKA,Mammalian,19800.0,15,2
LYYFDCFSESAIRKA,E_coli,7200.0,15,0
NADIIKSLIRKTIINASKNTASLSILQHLYVLRS,Yeast,10800.0,34,1
NADIIKSLIRKTIINASKNTASLSILQHLYVLRS,Mammalian,5040.0,34,0
NDSRGIDAEEELETKAELVITKLKTPLMRGKVVVGAAGA,Mammalian,5040.0,39,0
NDSRGIDAEEELETKAELVITKLKTPLMRGKVVVGAAGA,Yeast,10800.0,39,1
NFYDPLVFPSDEFDASISQVNEKINQSLASIRKSDELLHNVNAGK,Mammalian,5040.0,45,0
NFYDPLVFPSDEFDASISQVNEKINQSLASIRKSDELLHNVNAGK,Yeast,10800.0,45,1
NGAICWGPCPTAFRQIGNCGHFKVRCCKIR,Mammalian,5040.0,30,0
NGAICWGPCPTAFRQIGNCGHFKVRCCKIR,Yeast,10800.0,30,1
NGAICWGPCPTAFRQIGNCGRFRVRCCRIR,Yeast,10800.0,30,1
NGESSADWAKN,Mammalian,5040.0,11,0
NGESSADWAKN,Yeast,10800.0,11,1
NGIGVTQNVLYENQKQIANQFNKAISQIQESLTTTSTA,Mammalian,5040.0,38,0
NGIGVTQNVLYENQKQIANQFNKAISQIQESLTTTSTA,Yeast,10800.0,38,1
NHEAEDLFY,Yeast,10800.0,9,1
NHEAEDLFY,Mammalian,5040.0,9,0
NIAGNWSCTSDLPSSWGYMN,Yeast,10800.0,20,1
NIAGNWSCTSDLPSSWGYMN,Mammalian,5040.0,20,0
NKPFVFLM,Mammalian,5040.0,8,0
NKPFVFLM,Yeast,10800.0,8,1
NLVSGLIEARKYLEQLHRKLKNRKV,Yeast,10800.0,25,1
NLVSGLIEARKYLEQLHRKLKNRKV,Mammalian,5040.0,25,0
NMTINQTIWNHGNITLGEWY,Yeast,10800.0,20,1
NMTINQTIWNHGNITLGEWY,Mammalian,5040.0,20,0
NQIIEQLIKKEKVY,Yeast,10800.0,14,1
NQIIEQLIKKEKVY,Mammalian,5040.0,14,0
NQNAQALNTLVKQLSSNFGAISSVLNDILSRLDKVEAEVQIDRLIT,Yeast,10800.0,46,1
NQNAQALNTLVKQLSSNFGAISSVLNDILSRLDKVEAEVQIDRLIT,Mammalian,5040.0,46,0
NQTKDLQQKFYEIIMDIEQN,Yeast,10800.0,20,1
NQTKDLQQKFYEIIMDIEQN,Mammalian,5040.0,20,0
NQVGD,Yeast,10800.0,5,1
NQVGD,Mammalian,5040.0,5,0
NQVSATCSVK,Yeast,10800.0,10,1
NQVSATCSVK,Mammalian,5040.0,10,0
NVQGKTGIQQLQKWEDWVRW,Yeast,10800.0,20,1
NVQGKTGIQQLQKWEDWVRW,Mammalian,5040.0,20,0
NVTFLDLEYEMKKLEEAIKKLEESYIDLKELGTYEY,Yeast,10800.0,36,1
NVTFLDLEYEMKKLEEAIKKLEESYIDLKELGTYEY,Mammalian,5040.0,36,0
NYWILEYLWKVPFDFWRG,Yeast,10800.0,18,1
NYWILEYLWKVPFDFWRG,Mammalian,5040.0,18,0
QAKTFLDKFNHEA,Yeast,36000.0,13,2
QAKTFLDKFNHEA,Mammalian,2880.0,13,0
QEGISRFKICPYHWYKQHMSLLFRRYYHKLDSII,Yeast,36000.0,34,2
QEGISRFKICPYHWYKQHMSLLFRRYYHKLDSII,Mammalian,2880.0,34,0
QGSWFGCTWMNSTGF,Yeast,36000.0,15,2
QGSWFGCTWMNSTGF,Mammalian,2880.0,15,0
QHGVHG,Mammalian,2880.0,6,0
QHGVHG,Yeast,36000.0,6,2
QIQDPEIPKCGWWNQMAYYN,Yeast,36000.0,20,2
QIQDPEIPKCGWWNQMAYYN,Mammalian,2880.0,20,0
QKEGLHYTCSSHFPYSQYQF,Mammalian,2880.0,20,0
QKEGLHYTCSSHFPYSQYQF,Yeast,36000.0,20,2
QKQIANQFNKAISQIQESLTTTSTALGKLQDVVNQNAQALNTLVKQ,Yeast,36000.0,46,2
QKQIANQFNKAISQIQESLTTTSTALGKLQDVVNQNAQALNTLVKQ,Mammalian,2880.0,46,0
QLIHLYYFDCFSESA,Yeast,36000.0,15,2
QLIHLYYFDCFSESA,Mammalian,2880.0,15,0
QLLIRMIYKNILFYLVPGPGHGAEPERRNIKYL,Mammalian,2880.0,33,0
QLLIRMIYKNILFYLVPGPGHGAEPERRNIKYL,Yeast,36000.0,33,2
QLQKWEDWVRWIGNIPQYLKG,Yeast,36000.0,21,2
QLQKWEDWVRWIGNIPQYLKG,Mammalian,2880.0,21,0
QNQSANQFQKEISQINEVLTTTNTSLGKLQDDVNQNNQSLNTLQKE,Mammalian,2880.0,46,0
QNQSANQFQKEISQINEVLTTTNTSLGKLQDDVNQNNQSLNTLQKE,Yeast,36000.0,46,2
QVDPDLADQLIHLYY,Mammalian,2880.0,15,0
QVDPDLADQLIHLYY,Yeast,36000.0,15,2
RDWHLGQGVSIEWRK,Yeast,7200.0,15,0
RDWHLGQGVSIEWRK,E_coli,7200.0,15,0
RDWHLGQGVSIEWRK,Mammalian,3600.0,15,0
RFPFHRCGAGPKLTKDLE,E_coli,7200.0,18,0
RFPFHRCGAGPKLTKDLE,Mammalian,3600.0,18,0
RFPFHRCGAGPKLTKDLE,Yeast,7200.0,18,0
RGAHIKGRWDSRCHRF,Mammalian,3600.0,16,0
RGAHIKGRWDSRCHRF,Yeast,7200.0,16,0
RGAHIKGRWDSRCHRF,E_coli,7200.0,16,0
RGILRNWYNPFAGLRQSLEQ,E_coli,7200.0,20,0
RGILRNWYNPFAGLRQSLEQ,Mammalian,3600.0,20,0
RGILRNWYNPFAGLRQSLEQ,Yeast,7200.0,20,0
RGIYR,Mammalian,3600.0,5,0
RGIYR,Yeast,7200.0,5,0
RGIYR,E_coli,7200.0,5,0
RGTKALTEVIPLTEEAEC,Yeast,7200.0,18,0
RGTKALTEVIPLTEEAEC,Mammalian,3600.0,18,0
RGTKALTEVIPLTEEAEC,E_coli,7200.0,18,0
RGVISLTPLLVCVAALLL,E_coli,7200.0,18,0
RGVISLTPLLVCVAALLL,Mammalian,3600.0,18,0
RGVISLTPLLVCVAALLL,Yeast,7200.0,18,0
RHHYESTHPRISSEV,Mammalian,3600.0,15,0
RHHYESTHPRISSEV,Yeast,7200.0,15,0
RHHYESTHPRISSEV,E_coli,7200.0,15,0
RKAILGHIVSPRCEY,E_coli,7200.0,15,0
RKAILGHIVSPRCEY,Mammalian,3600.0,15,0
RKAILGHIVSPRCEY,Yeast,7200.0,15,0
RKFFKKIYRFFRKLLKRL,Mammalian,3600.0,18,0
RKFFKKIYRFFRKLLKRL,E_coli,7200.0,18,0
RKFFKKIYRFFRKLLKRL,Yeast,7200.0,18,0
RLAAKCAARFAEHGLKRG,E_coli,7200.0,18,0
RLAAKCAARFAEHGLKRG,Mammalian,3600.0,18,0
RLAAKCAARFAEHGLKRG,Yeast,7200.0,18,0
RLFDKIRQVIRKF,Mammalian,3600.0,13,0
RLFDKIRQVIRKF,Yeast,7200.0,13,0
RLFDKIRQVIRKF,E_coli,7200.0,13,0
RLFFKCIYRFFEHGLKRG,E_coli,7200.0,18,0
RLFFKCIYRFFEHGLKRG,Yeast,7200.0,18,0
RLFFKCIYRFFEHGLKRG,Mammalian,3600.0,18,0
RLLRRLLRRLLRRLLRRLLR,Yeast,7200.0,20,0
RLLRRLLRRLLRRLLRRLLR,Mammalian,3600.0,20,0
RLLRRLLRRLLRRLLRRLLR,E_coli,7200.0,20,0
RPKHPIKHQGLPQEVLNENLLRF,Yeast,7200.0,23,0
RPKHPIKHQGLPQEVLNENLLRF,Mammalian,3600.0,23,0
RPKHPIKHQGLPQEVLNENLLRF,E_coli,7200.0,23,0
RPRGRRGSRPSGAERRRRRAAAA,E_coli,7200.0,23,0
RPRGRRGSRPSGAERRRRRAAAA,Yeast,7200.0,23,0
RPRGRRGSRPSGAERRRRRAAAA,Mammalian,3600.0,23,0
RQMRAWGQDYQHGGMGYSC,Mammalian,3600.0,19,0
RQMRAWGQDYQHGGMGYSC,E_coli,7200.0,19,0
RQMRAWGQDYQHGGMGYSC,Yeast,7200.0,19,0
RQRVEELSKFSKKGAAARRRK,E_coli,7200.0,21,0
RQRVEELSKFSKKGAAARRRK,Mammalian,3600.0,21,0
RQRVEELSKFSKKGAAARRRK,Yeast,7200.0,21,0
RRGRIGRNPSQVGD,Mammalian,3600.0,14,0
RRGRIGRNPSQVGD,E_coli,7200.0,14,0
RRGRIGRNPSQVGD,Yeast,7200.0,14,0
RRGRVGRNPNQVGD,Yeast,7200.0,14,0
RRGRVGRNPNQVGD,E_coli,7200.0,14,0
RRGRVGRNPNQVGD,Mammalian,3600.0,14,0
RRKKAAVALLPAVLLALLAP,E_coli,7200.0,20,0
RRKKAAVALLPAVLLALLAP,Mammalian,3600.0,20,0
RRKKAAVALLPAVLLALLAP,Yeast,7200.0,20,0
RRKKALLAVLLALLA,Yeast,7200.0,15,0
RRKKALLAVLLALLA,Mammalian,3600.0,15,0
RRKKALLAVLLALLA,E_coli,7200.0,15,0
RRKKAVALLPAVLLALLAP,Mammalian,3600.0,19,0
RRKKAVALLPAVLLALLAP,Yeast,7200.0,19,0
RRKKAVALLPAVLLALLAP,E_coli,7200.0,19,0
RRKKAVLLALLAP,E_coli,7200.0,13,0
RRKKAVLLALLAP,Yeast,7200.0,13,0
RRKKAVLLALLAP,Mammalian,3600.0,13,0
RRKKIFYFFR,Mammalian,3600.0,10,0
RRKKIFYFFR,E_coli,7200.0,10,0
RRKKIFYFFR,Yeast,7200.0,10,0
RRKKLLPAVLLALLAP,Yeast,7200.0,16,0
RRKKLLPAVLLALLAP,Mammalian,3600.0,16,0
RRKKLLPAVLLALLAP,E_coli,7200.0,16,0
RRKKLPAVLLALLAP,E_coli,7200.0,15,0
RRKKLPAVLLALLAP,Yeast,7200.0,15,0
RRKKLPAVLLALLAP,Mammalian,3600.0,15,0
RRKKPAVLLALLAP,Yeast,7200.0,14,0
RRKKPAVLLALLAP,Mammalian,3600.0,14,0
RRKKPAVLLALLAP,E_coli,7200.0,14,0
RRKKRRQRRR,Mammalian,3600.0,10,0
RRKKRRQRRR,E_coli,7200.0,10,0
RRKKRRQRRR,Yeast,7200.0,10,0
RRKKRRRRRR,Mammalian,3600.0,10,0
RRKKRRRRRR,Yeast,7200.0,10,0
RRKKRRRRRR,E_coli,7200.0,10,0
RRKKVALLAVLLALLA,Yeast,7200.0,16,0
RRKKVALLAVLLALLA,Mammalian,3600.0,16,0
RRKKVALLAVLLALLA,E_coli,7200.0,16,0
RRKKVLLALLAP,Yeast,7200.0,12,0
RRKKVLLALLAP,Mammalian,3600.0,12,0
RRKKVLLALLAP,E_coli,7200.0,12,0
RRKKWLVFFVIFYFFR,Mammalian,3600.0,16,0
RRKKWLVFFVIFYFFR,E_coli,7200.0,16,0
RRKKWLVFFVIFYFFR,Yeast,7200.0,16,0
RRRQRRKKRGYGFVNLLFLVVE,Mammalian,3600.0,22,0
RRRQRRKKRGYGFVNLLFLVVE,Yeast,7200.0,22,0
RRRQRRKKRGYGFVNLLFLVVE,E_coli,7200.0,22,0
RRRRRRRRRRRRRRRWWW,Mammalian,3600.0,18,0
RRRRRRRRRRRRRRRWWW,E_coli,7200.0,18,0
RRRRRRRRRRRRRRRWWW,Yeast,7200.0,18,0
RRRRRRRWWWRRRRRRRR,Yeast,7200.0,18,0
RRRRRRRWWWRRRRRRRR,Mammalian,3600.0,18,0
RRRRRRRWWWRRRRRRRR,E_coli,7200.0,18,0
RRWYRWWRRRWYRWWR,Mammalian,3600.0,16,0
RRWYRWWRRRWYRWWR,Yeast,7200.0,16,0
RRWYRWWRRRWYRWWR,E_coli,7200.0,16,0
RSQKEGLHYTCSSHFPYSQYQFWK,Yeast,7200.0,24,0
RSQKEGLHYTCSSHFPYSQYQFWK,E_coli,7200.0,24,0
RSQKEGLHYTCSSHFPYSQYQFWK,Mammalian,3600.0,24,0
RTQRRGRTGRGKPGIYR,E_coli,7200.0,17,0
RTQRRGRTGRGKPGIYR,Yeast,7200.0,17,0
RTQRRGRTGRGKPGIYR,Mammalian,3600.0,17,0
RWMVWRHWFHRLRLPYNPGKNKQNQQWP,Mammalian,3600.0,28,0
RWMVWRHWFHRLRLPYNPGKNKQNQQWP,E_coli,7200.0,28,0
RWMVWRHWFHRLRLPYNPGKNKQNQQWP,Yeast,7200.0,28,0
RWNKPQKTKGHRGSH,E_coli,7200.0,15,0
RWNKPQKTKGHRGSH,Yeast,7200.0,15,0
RWNKPQKTKGHRGSH,Mammalian,3600.0,15,0
RWTEQLASNYWILEYLWK,Mammalian,3600.0,18,0
RWTEQLASNYWILEYLWK,E_coli,7200.0,18,0
RWTEQLASNYWILEYLWK,Yeast,7200.0,18,0
RWWRWWRRWWRWWR,Mammalian,3600.0,14,0
RWWRWWRRWWRWWR,Yeast,7200.0,14,0
RWWRWWRRWWRWWR,E_coli,7200.0,14,0
RYFTFGGGYVYF,Mammalian,3600.0,12,0
RYFTFGGGYVYF,E_coli,7200.0,12,0
RYFTFGGGYVYF,Yeast,7200.0,12,0
RYSTQVDPDLADQLI,E_coli,7200.0,15,0
RYSTQVDPDLADQLI,Mammalian,3600.0,15,0
RYSTQVDPDLADQLI,Yeast,7200.0,15,0
SAVNGQSGRMEFFWTILK,Mammalian,6840.0,18,0
SDRDTVVELSEWGVPCAT,Mammalian,6840.0,18,0
SEETKENEGFTVTAEGK,Mammalian,6840.0,17,0
SENRKVPFYSHS,Mammalian,6840.0,12,0
SFAIKWEYVLLLFLL,Mammalian,6840.0,15,0
SGSWLRDIWDWICEVLSDFK,Mammalian,6840.0,20,0
SGTKMACPSNRGILRNWYNP,Mammalian,6840.0,20,0
SIGAKILGGVKTFFKGALKELASTYLQ,Mammalian,6840.0,27,0
SIGGVFNSIGRAVHQVFGGAFRTL,Mammalian,6840.0,24,0
SISNALNKLEESNRNLDKVNVKLT,Mammalian,6840.0,24,0
SIWRDWVDLICEFLSDWK,Mammalian,6840.0,18,0
SKANGQSGRMEFFWTILK,Mammalian,6840.0,18,0
SKHSSLDCVLRP,Mammalian,6840.0,12,0
SKVAGQSGRMEFFWTILK,Mammalian,6840.0,18,0
SKVNGASGRMEFFWTILK,Mammalian,6840.0,18,0
SKVNGQAGRMEFFWTILK,Mammalian,6840.0,18,0
SKVNGQSGRAEFFWTILK,Mammalian,6840.0,18,0
SKVNGQSGRMAFFWTILK,Mammalian,6840.0,18,0
SKVNGQSGRMEFAWTILK,Mammalian,6840.0,18,0
SKVNGQSGRMEFFWTALK,Mammalian,6840.0,18,0
SKVNGQSGRMEFFWTIAK,Mammalian,6840.0,18,0
SLDQINVTFLDLEYEMKKLEEAIKKLEESYIDLKELGSGSGC,Mammalian,6840.0,42,0
SLDQINVTFLDLEYEMKKLEEAIKKLEESYIDLKELGTYEYYVKW,Mammalian,6840.0,45,0
SLTQINTTLLDLTYEMLSLQQVVKALNESYIDLKELGSGSGC,Mammalian,6840.0,42,0
SNQGGSPLPRSV,Mammalian,6840.0,12,0
SPAIFQSSMTKILEPFRKQN,Mammalian,6840.0,20,0
SPYPSWSTPAGR,Mammalian,6840.0,12,0
SQVGD,Mammalian,6840.0,5,0
STLGKAFSTTLKGAQRLAALGDTAWDFG,Mammalian,6840.0,28,0
STQRRGRTGRGRRGIYR,Mammalian,6840.0,17,0
SVALVPHVGMGLETRTETWMSSEGAWKHVQRIETWILRHPG,Mammalian,6840.0,41,0
SVTKLTEDRWNKPQK,Mammalian,6840.0,15,0
SWFASTGGRDSKIDVWSL,Mammalian,6840.0,18,0
SWKSMAKKLKEYMEKLKQRA,Mammalian,6840.0,20,0
SWLDDIWDWICEVLSDFE,Mammalian,6840.0,18,0
SWLDRIWRWICKVLSRFE,Mammalian,6840.0,18,0
SWLRDIWDWICEVLSDFKTW,Mammalian,6840.0,20,0
SWLRDIWDWLCELLSDFK,Mammalian,6840.0,18,0
SWLRDIWRWICKVLSRFK,Mammalian,6840.0,18,0
SWLRDLWDWICELLSDFK,Mammalian,6840.0,18,0
SWLRDLWDWLCEVLSDFK,Mammalian,6840.0,18,0
SWLRDVWDWICTVLTDFK,Mammalian,6840.0,18,0
SWLRDVWDWVCTILTDFK,Mammalian,6840.0,18,0
SWLRDVWDWVCTVLSDFK,Mammalian,6840.0,18,0
SWLVNRDWFHDLNLPWTGSSAGTWQ,Mammalian,6840.0,25,0
SWLWEVWDWVLHVLSDFK,Mammalian,6840.0,18,0
SWRLDIWDWICESVLDFK,Mammalian,6840.0,18,0
SWRLIDWDWICEVLSDFK,Mammalian,6840.0,18,0
TAAFLLKLAGRW,Mammalian,25920.0,12,2
TAVILMCFSIDSPDSLENI,Mammalian,25920.0,19,2
TAYALLKLAGRW,Mammalian,25920.0,12,2
TAYFALKLAGRW,Mammalian,25920.0,12,2
TAYFLAKLAGRW,Mammalian,25920.0,12,2
TAYFLLALAGRW,Mammalian,25920.0,12,2
TAYFLLKAAGRW,Mammalian,25920.0,12,2
TAYFLLKLAARW,Mammalian,25920.0,12,2
TAYFLLKLAGAW,Mammalian,25920.0,12,2
TAYFLLKLAGRA,Mammalian,25920.0,12,2
TDAILMCFSIDSPDSLENI,Mammalian,25920.0,19,2
TDVALMCFSIDSPDSLENI,Mammalian,25920.0,19,2
TDVIAMCFSIDSPDSLENI,Mammalian,25920.0,19,2
TDVILACFSIDSPDSLENI,Mammalian,25920.0,19,2
TDVILMAFSIDSPDSLENI,Mammalian,25920.0,19,2
TDVILMCASIDSPDSLENI,Mammalian,25920.0,19,2
TDVILMCFAIDSPDSLENI,Mammalian,25920.0,19,2
TDVILMCFSADSPDSLENI,Mammalian,25920.0,19,2
TDVILMCFSIASPDSLENI,Mammalian,25920.0,19,2
TDVILMCFSIDAPDSLENI,Mammalian,25920.0,19,2
TDVILMCFSIDSADSLENI,Mammalian,25920.0,19,2
TDVILMCFSIDSPASLENI,Mammalian,25920.0,19,2
TDVILMCFSIDSPDALENI,Mammalian,25920.0,19,2
TDVILMCFSIDSPDSAENI,Mammalian,25920.0,19,2
TDVILMCFSIDSPDSLANI,Mammalian,25920.0,19,2
TDVILMCFSIDSPDSLEAI,Mammalian,25920.0,19,2
TDVILMCFSIDSPDSLENA,Mammalian,25920.0,19,2
TEPSTRGSWKFW,Mammalian,25920.0,12,2
TEQLASNYWILEYLWKVP,Mammalian,25920.0,18,2
TFLDKFNHEAEDLFYQ,Mammalian,25920.0,16,2
TFLVHREWFMDLNLPWSSAGSTVWR,Mammalian,25920.0,25,2
TGALKINNLRLVTLEHQVLV,Mammalian,25920.0,20,2
TGAWIEFGCHRNKSNLHTEA,Mammalian,25920.0,20,2
TGEKVWDRGNVTLLCDCP,Mammalian,25920.0,18,2
TIRLESEVTAIKNALKKTNEAVSTLGNGVRVLATAVRELKDFV,Mammalian,25920.0,43,2
TLKPIFKLPLGINITNFR,Mammalian,25920.0,18,2
TLLCDCPNGPWVWVPAFCQA,Mammalian,25920.0,20,2
TLLKKVLKAAAKAALNAVLVGANA,Mammalian,25920.0,24,2
TLVDCIRNCIHKILGYTVIA,Mammalian,25920.0,20,2
TMKVDDLIVHFNMTKAVEMV,Mammalian,25920.0,20,2
TNGESTADWAKN,Mammalian,25920.0,12,2
TNWLWYIKIFIMIV,Mammalian,25920.0,14,2
TPKFKLPIQKETWETWWTEY,Mammalian,25920.0,20,2
TRQARRNRRRRWRERQRAAAACYGRKKRRQRRR,Mammalian,25920.0,33,2
TRQCRRGRIWKRWNETITGP,Mammalian,25920.0,20,2
TRSSRAGLQFPVGRVHRLLRK,Mammalian,25920.0,21,2
TSPDVDLGDISGINASVVNIQKEIDRLNEVAKNLNESLIDLQELGKYE,Mammalian,25920.0,48,2
TTPKFTVAWDWVPKR,Mammalian,25920.0,15,2
TTTPAKRKKTKK,Mammalian,25920.0,12,2
TWAGVEAIIRILQQL,Mammalian,25920.0,15,2
TWLRAIWDWVCTALTDFK,Mammalian,25920.0,18,2
TYGDTWAGVEAIIRI,Mammalian,25920.0,15,2
WADWVRWI,Yeast,10800.0,8,1
WADWVRWI,Mammalian,10080.0,8,1
WADWVRWI,E_coli,7200.0,8,0
WASLKIDNLDV,Yeast,10800.0,11,1
WASLKIDNLDV,Mammalian,10080.0,11,1
WASLKIDNLDV,E_coli,7200.0,11,0
WDRGNVTLLCDCPNGPWVWV,E_coli,7200.0,20,0
WDRGNVTLLCDCPNGPWVWV,Yeast,10800.0,20,1
WEAWVRWI,E_coli,7200.0,8,0
WEAWVRWI,Yeast,10800.0,8,1
WEAWVRWI,Mammalian,10080.0,8,1
WEDAVRWI,Yeast,10800.0,8,1
WEDAVRWI,Mammalian,10080.0,8,1
WEDAVRWI,E_coli,7200.0,8,0
WEDWARWI,E_coli,7200.0,8,0
WEDWARWI,Mammalian,10080.0,8,1
WEDWARWI,Yeast,10800.0,8,1
WEDWVAWI,E_coli,7200.0,8,0
WEDWVAWI,Yeast,10800.0,8,1
WEDWVAWI,Mammalian,10080.0,8,1
WEDWVR,Mammalian,10080.0,6,1
WEDWVR,Yeast,10800.0,6,1
WEDWVR,E_coli,7200.0,6,0
WEDWVRAI,E_coli,7200.0,8,0
WEDWVRAI,Yeast,10800.0,8,1
WEDWVRAI,Mammalian,10080.0,8,1
WEDWVRWA,Mammalian,10080.0,8,1
WEDWVRWA,Yeast,10800.0,8,1
WEDWVRWA,E_coli,7200.0,8,0
WEEWDKKIEEYTKKIEELIKKSQNQQSDLD,Mammalian,10080.0,30,1
WEEWDKKIEEYTKKIEELIKKSQNQQSDLD,E_coli,7200.0,30,0
WEEWDKKIEEYTKKIEELIKKSQNQQSDLD,Yeast,10800.0,30,1
WIDNLD,Yeast,10800.0,6,1
WIDNLD,E_coli,7200.0,6,0
WIDNLD,Mammalian,10080.0,6,1
WILEYLWKVPFDFWRGVI,E_coli,7200.0,18,0
WILEYLWKVPFDFWRGVI,Yeast,10800.0,18,1
WILEYLWKVPFDFWRGVI,Mammalian,10080.0,18,1
WKFALKVDSPDV,Mammalian,10080.0,12,1
WKFALKVDSPDV,E_coli,7200.0,12,0
WKFALKVDSPDV,Yeast,10800.0,12,1
WLVFFVIAYFAR,E_coli,7200.0,12,0
WLVFFVIAYFAR,Yeast,10800.0,12,1
WLVFFVIAYFAR,Mammalian,10080.0,12,1
WLVFFVIFYFFRRRKK,E_coli,7200.0,16,0
WLVFFVIFYFFRRRKK,Mammalian,10080.0,16,1
WLVFFVIFYFFRRRKK,Yeast,10800.0,16,1
WLVFFVRRKK,Mammalian,10080.0,10,1
WLVFFVRRKK,Yeast,10800.0,10,1
WLVFFVRRKK,E_coli,7200.0,10,0
WMEWDREINNYTSLIHSLIEESQNQQEKNEQELLEL,Mammalian,10080.0,36,1
WMEWDREINNYTSLIHSLIEESQNQQEKNEQELLEL,E_coli,7200.0,36,0
WMEWDREINNYTSLIHSLIEESQNQQEKNEQELLEL,Yeast,10800.0,36,1
WNALKIDNLDV,Yeast,10800.0,11,1
WNALKIDNLDV,Mammalian,10080.0,11,1
WNALKIDNLDV,E_coli,7200.0,11,0
WNHTTWMEWDREINNYTSLIHSLIEESQNQQEKNEQ,Yeast,10800.0,36,1
WNHTTWMEWDREINNYTSLIHSLIEESQNQQEKNEQ,E_coli,7200.0,36,0
WNHTTWMEWDREINNYTSLIHSLIEESQNQQEKNEQ,Mammalian,10080.0,36,1
WNSAKIDNLDV,Yeast,10800.0,11,1
WNSAKIDNLDV,E_coli,7200.0,11,0
WNSAKIDNLDV,Mammalian,10080.0,11,1
WNSLAIDNLDV,Mammalian,10080.0,11,1
WNSLAIDNLDV,Yeast,10800.0,11,1
WNSLAIDNLDV,E_coli,7200.0,11,0
WNSLKADNLDV,Yeast,10800.0,11,1
WNSLKADNLDV,E_coli,7200.0,11,0
WNSLKADNLDV,Mammalian,10080.0,11,1
WNSLKIANLAV,E_coli,7200.0,11,0
WNSLKIANLAV,Mammalian,10080.0,11,1
WNSLKIANLAV,Yeast,10800.0,11,1
WNSLKIDALDV,Mammalian,10080.0,11,1
WNSLKIDALDV,Yeast,10800.0,11,1
WNSLKIDALDV,E_coli,7200.0,11,0
WNSLKIDNADV,Mammalian,10080.0,11,1
WNSLKIDNADV,E_coli,7200.0,11,0
WNSLKIDNADV,Yeast,10800.0,11,1
WNSLKIDNLAV,Yeast,10800.0,11,1
WNSLKIDNLAV,Mammalian,10080.0,11,1
WNSLKIDNLAV,E_coli,7200.0,11,0
WNSLKIDNLDA,Yeast,10800.0,11,1
WNSLKIDNLDA,E_coli,7200.0,11,0
WNSLKIDNLDA,Mammalian,10080.0,11,1
WQCLTLTHRGFVLLTITVLR,E_coli,7200.0,20,0
WQCLTLTHRGFVLLTITVLR,Mammalian,10080.0,20,1
WQCLTLTHRGFVLLTITVLR,Yeast,10800.0,20,1
WQSLTLTHRG,E_coli,7200.0,10,0
WQSLTLTHRG,Mammalian,10080.0,10,1
WQSLTLTHRG,Yeast,10800.0,10,1
WQVMIVWQVDRMRIR,Yeast,10800.0,15,1
WQVMIVWQVDRMRIR,E_coli,7200.0,15,0
WQVMIVWQVDRMRIR,Mammalian,10080.0,15,1
WRGALKLLFYAT,E_coli,7200.0,12,0
WRGALKLLFYAT,Yeast,10800.0,12,1
WRGALKLLFYAT,Mammalian,10080.0,12,1
WRGVISLTPLLVCVAALL,E_coli,7200.0,18,0
WRGVISLTPLLVCVAALL,Yeast,10800.0,18,1
WRGVISLTPLLVCVAALL,Mammalian,10080.0,18,1
WRKWRKRWWWRKWRKRWW,E_coli,7200.0,18,0
WRKWRKRWWWRKWRKRWW,Yeast,10800.0,18,1
WRKWRKRWWWRKWRKRWW,Mammalian,10080.0,18,1
WTEQLASNYWILEYLWKV,Mammalian,10080.0,18,1
WTEQLASNYWILEYLWKV,E_coli,7200.0,18,0
WTEQLASNYWILEYLWKV,Yeast,10800.0,18,1
WVNQLAVLGLPAVDAAVA,Mammalian,10080.0,18,1
WVNQLAVLGLPAVDAAVA,Yeast,10800.0,18,1
WVNQLAVLGLPAVDAAVA,E_coli,7200.0,18,0
WVRWI,Mammalian,10080.0,5,1
WVRWI,E_coli,7200.0,5,0
WVRWI,Yeast,10800.0,5,1
YAGAVANDL,Yeast,36000.0,9,2
YAGAVANDL,Mammalian,10080.0,9,1
YAGAVANDL,E_coli,7200.0,9,0
YAGAVVNDL,Mammalian,10080.0,9,1
YAGTVINDL,Yeast,36000.0,9,2
YAGTVINDL,Mammalian,10080.0,9,1
YAGTVINDL,E_coli,7200.0,9,0
YALLIRMIYKNI,Mammalian,10080.0,12,1
YALLIRMIYKNI,Yeast,36000.0,12,2
YALLIRMIYKNI,E_coli,7200.0,12,0
YAVVNDL,Yeast,36000.0,7,2
YEIIMDIEQNNVQGKTGIQQ,E_coli,7200.0,20,0
YEIIMDIEQNNVQGKTGIQQ,Mammalian,10080.0,20,1
YEIIMDIEQNNVQGKTGIQQ,Yeast,36000.0,20,2
YENQKQIANQFNKAISQIQESLTTTSTA,E_coli,7200.0,28,0
YENQKQIANQFNKAISQIQESLTTTSTA,Yeast,36000.0,28,2
YENQKQIANQFNKAISQIQESLTTTSTA,Mammalian,10080.0,28,1
YGAVVNDL,Mammalian,10080.0,8,1
YGAVVNDL,E_coli,7200.0,8,0
YGVSGHGQHGVHG,Yeast,36000.0,13,2
YGVSGHGQHGVHG,Mammalian,10080.0,13,1
YGVSGHGQHGVHG,E_coli,7200.0,13,0
YKPRRKRAAIHVMLALATVLSI,Yeast,36000.0,22,2
YKPRRKRAAIHVMLALATVLSI,E_coli,7200.0,22,0
YKPRRKRAAIHVMLALATVLSI,Mammalian,10080.0,22,1
YLDRVDTWLQGKINISLCLT,Yeast,36000.0,20,2
YLDRVDTWLQGKINISLCLT,Mammalian,10080.0,20,1
YLDRVDTWLQGKINISLCLT,E_coli,7200.0,20,0
YQALIRMIYKNI,E_coli,7200.0,12,0
YQALIRMIYKNI,Yeast,36000.0,12,2
YQALIRMIYKNI,Mammalian,10080.0,12,1
YQLAIRMIYKNI,E_coli,7200.0,12,0
YQLAIRMIYKNI,Yeast,36000.0,12,2
YQLAIRMIYKNI,Mammalian,10080.0,12,1
YQLLARMIYKNI,Yeast,36000.0,12,2
YQLLARMIYKNI,E_coli,7200.0,12,0
YQLLARMIYKNI,Mammalian,10080.0,12,1
YQLLIAMIYKNI,E_coli,7200.0,12,0
YQLLIAMIYKNI,Mammalian,10080.0,12,1
YQLLIAMIYKNI,Yeast,36000.0,12,2
YQLLIRAIYKNI,E_coli,7200.0,12,0
YQLLIRAIYKNI,Yeast,36000.0,12,2
YQLLIRAIYKNI,Mammalian,10080.0,12,1
YQLLIRMAYKNI,Yeast,36000.0,12,2
YQLLIRMAYKNI,Mammalian,10080.0,12,1
YQLLIRMAYKNI,E_coli,7200.0,12,0
YQLLIRMIAKNI,Yeast,36000.0,12,2
YQLLIRMIAKNI,Mammalian,10080.0,12,1
YQLLIRMIAKNI,E_coli,7200.0,12,0
YQLLIRMIYANI,E_coli,7200.0,12,0
YQLLIRMIYANI,Yeast,36000.0,12,2
YQLLIRMIYANI,Mammalian,10080.0,12,1
YQLLIRMIYKAI,E_coli,7200.0,12,0
YQLLIRMIYKAI,Yeast,36000.0,12,2
YQLLIRMIYKAI,Mammalian,10080.0,12,1
YQLLIRMIYKNA,E_coli,7200.0,12,0
YQLLIRMIYKNA,Yeast,36000.0,12,2
YQLLIRMIYKNA,Mammalian,10080.0,12,1
YQLLIRPIYKNI,Mammalian,10080.0,12,1
YQLLIRPIYKNI,E_coli,7200.0,12,0
YQLLIRPIYKNI,Yeast,36000.0,12,2
YQVVKQPDYLLVPEEVMEYK,E_coli,7200.0,20,0
YQVVKQPDYLLVPEEVMEYK,Yeast,36000.0,20,2
YQVVKQPDYLLVPEEVMEYK,Mammalian,10080.0,20,1
YRWWRWARRWYRWWRWARRW,Mammalian,10080.0,20,1
YRWWRWARRWYRWWRWARRW,E_coli,7200.0,20,0
YRWWRWARRWYRWWRWARRW,Yeast,36000.0,20,2
YTMLVVDDL,Mammalian,10080.0,9,1
YTMLVVDDL,E_coli,7200.0,9,0
YTMLVVDDL,Yeast,36000.0,9,2
YTSLIHSLIEEAQNQQEKNEQELLELDKWASLWNWF,Mammalian,10080.0,36,1
YTSLIHSLIEEAQNQQEKNEQELLELDKWASLWNWF,Yeast,36000.0,36,2
YTSLIHSLIEEAQNQQEKNEQELLELDKWASLWNWF,E_coli,7200.0,36,0
YVREHGVPIHADKYFEQVLK,E_coli,7200.0,20,0
YVREHGVPIHADKYFEQVLK,Yeast,36000.0,20,2
YVREHGVPIHADKYFEQVLK,Mammalian,10080.0,20,1
YWILEYLWKVPFDFWRGV,E_coli,7200.0,18,0
YWILEYLWKVPFDFWRGV,Mammalian,10080.0,18,1
YWILEYLWKVPFDFWRGV,Yeast,36000.0,18,2
YAGAVVNDL,E_coli,7200.0,9,0
